ID_заказа,ID_клиента,ФИО_клиента,Название_книги,Автор,Жанр,Количество,Цена_за_шт,Скидка_%,Итоговая_цена,Общая_сумма,Дата_заказа,Статус_заказа,Способ_доставки,Примечание_к_заказу
ORD002B01,2,Фокин Гостомысл Ильясович,Маленький принц,Антуан де Сент-Экзюпери,Философия,3,320,15,272.0,816.0,2025-07-18,Ожидает оплаты,Самовывоз,Со скидочной картой
ORD002B02,2,Фокин Гостомысл Ильясович,Atomic Habits,Джеймс Клир,Саморазвитие,2,620,0,620,1240,2025-04-21,Обработан,Самовывоз,Предзаказ
ORD002B03,2,Фокин Гостомысл Ильясович,"Есть, молиться, любить",Элизабет Гилберт,Биография,2,420,0,420,840,2025-06-20,Ожидает оплаты,Почта России,Корпоративный заказ
ORD002B04,2,Фокин Гостомысл Ильясович,451° по Фаренгейту,Рэй Брэдбери,Антиутопия,1,400,0,400,400,2025-07-21,В доставке,Курьерская доставка,
ORD002B05,2,Фокин Гостомысл Ильясович,Убить пересмешника,Харпер Ли,Классика,2,440,20,352.0,704.0,2025-08-13,Выполнен,Почта России,
ORD002B01,2,Фокин Гостомысл Ильясович,Братья Карамазовы,Фёдор Достоевский,Классика,1,620,10,558.0,558.0,2025-03-30,В доставке,Самовывоз,Бесконтактная доставка
ORD002B01,2,Фокин Гостомысл Ильясович,Над пропастью во ржи,Джером Д. Сэлинджер,Роман,3,350,15,297.5,892.5,2025-11-05,Отменен,Boxberry,Подарочная упаковка
ORD002B02,2,Фокин Гостомысл Ильясович,Исчезнувшая,Гиллиан Флинн,Триллер,2,480,0,480,960,2025-01-17,Выполнен,Курьерская доставка,
ORD002B03,2,Фокин Гостомысл Ильясович,Сто лет одиночества,Габриэль Гарсиа Маркес,Магический реализм,2,560,0,560,1120,2024-12-27,Выполнен,Почта России,Со скидочной картой
ORD002B04,2,Фокин Гостомысл Ильясович,Семь сестёр,Люсинда Райли,Роман,1,550,0,550,550,2025-07-28,Отменен,Самовывоз,Корпоративный заказ
ORD003B01,3,Суворова Прасковья Натановна,Психология влияния,Роберт Чалдини,Психология,3,580,15,493.0,1479.0,2025-08-20,Обработан,Почта России,Подарок
ORD003B02,3,Суворова Прасковья Натановна,Убить пересмешника,Харпер Ли,Классика,2,440,0,440,880,2025-06-10,Отменен,Почта России,Срочная доставка
ORD003B03,3,Суворова Прасковья Натановна,451° по Фаренгейту,Рэй Брэдбери,Антиутопия,3,400,20,320.0,960.0,2025-03-28,Отменен,Boxberry,Акционный товар
ORD004B01,4,Боброва Иванна Федоровна,"Богатый папа, бедный папа",Роберт Кийосаки,Финансы,2,510,15,433.5,867.0,2025-09-23,Отменен,DPD,
ORD005B01,5,Стрелкова Анна Леонидовна,Игра престолов,Джордж Р. Р. Мартин,Фэнтези,2,680,30,476.0,952.0,2025-08-14,Обработан,Boxberry,Первый заказ
ORD005B02,5,Стрелкова Анна Леонидовна,Тёмные начала,Филип Пулман,Фэнтези,1,670,0,670,670,2025-06-02,Отменен,СДЭК,
ORD005B03,5,Стрелкова Анна Леонидовна,Цветы для Элджернона,Дэниел Киз,Научная фантастика,2,360,0,360,720,2025-10-14,Ожидает оплаты,СДЭК,Со скидочной картой
ORD005B04,5,Стрелкова Анна Леонидовна,Гарри Поттер и философский камень,Джоан Роулинг,Фэнтези,2,590,15,501.5,1003.0,2025-08-24,Ожидает оплаты,DPD,
ORD006B01,6,Гуляева Ксения Ефимовна,"Есть, молиться, любить",Элизабет Гилберт,Биография,1,420,0,420,420,2025-01-26,В доставке,Boxberry,Постоянный клиент
ORD007B01,7,Антонов Болеслав Ааронович,Думай и богатей,Наполеон Хилл,Саморазвитие,2,350,0,350,700,2025-07-16,Обработан,Самовывоз,Корпоративный заказ
ORD007B02,7,Антонов Болеслав Ааронович,Atomic Habits,Джеймс Клир,Саморазвитие,1,620,0,620,620,2025-06-03,Возврат,СДЭК,
ORD007B03,7,Антонов Болеслав Ааронович,Братья Карамазовы,Фёдор Достоевский,Классика,2,620,15,527.0,1054.0,2025-03-28,Выполнен,DPD,
ORD007B04,7,Антонов Болеслав Ааронович,"Богатый папа, бедный папа",Роберт Кийосаки,Финансы,3,510,15,433.5,1300.5,2025-10-29,Отменен,Boxberry,Срочная доставка
ORD007B05,7,Антонов Болеслав Ааронович,Тёмные начала,Филип Пулман,Фэнтези,3,670,0,670,2010,2025-04-24,Доставлен,Boxberry,
ORD007B01,7,Антонов Болеслав Ааронович,451° по Фаренгейту,Рэй Брэдбери,Антиутопия,1,400,0,400,400,2025-04-06,Отменен,Курьерская доставка,Постоянный клиент
ORD007B02,7,Антонов Болеслав Ааронович,Гарри Поттер и философский камень,Джоан Роулинг,Фэнтези,3,590,0,590,1770,2024-12-17,Возврат,Почта России,Подарочная упаковка
ORD007B03,7,Антонов Болеслав Ааронович,Три товарища,Эрих Мария Ремарк,Классика,2,480,10,432.0,864.0,2025-02-05,Выполнен,Почта России,Постоянный клиент
ORD007B04,7,Антонов Болеслав Ааронович,Код да Винчи,Дэн Браун,Детектив,2,530,20,424.0,848.0,2025-07-03,Обработан,Курьерская доставка,
ORD010B01,10,Беляков Елисей Игнатьевич,Тёмные начала,Филип Пулман,Фэнтези,2,670,0,670,1340,2025-06-20,Возврат,Почта России,Самовывоз из пункта выдачи
ORD010B02,10,Беляков Елисей Игнатьевич,"Богатый папа, бедный папа",Роберт Кийосаки,Финансы,1,510,15,433.5,433.5,2025-10-10,Обработан,СДЭК,
ORD010B03,10,Беляков Елисей Игнатьевич,"Есть, молиться, любить",Элизабет Гилберт,Биография,1,420,0,420,420,2025-03-29,Возврат,Boxberry,
ORD010B04,10,Беляков Елисей Игнатьевич,Алхимик,Пауло Коэльо,Роман,1,410,20,328.0,328.0,2025-08-15,Ожидает оплаты,Boxberry,
ORD010B01,10,Беляков Елисей Игнатьевич,"Богатый папа, бедный папа",Роберт Кийосаки,Финансы,2,510,15,433.5,867.0,2025-06-07,Доставлен,Boxberry,
ORD011B01,11,Абрамов Григорий Ерофеевич,Лолита,Владимир Набоков,Классика,3,430,0,430,1290,2025-08-09,Возврат,Самовывоз,
ORD011B02,11,Абрамов Григорий Ерофеевич,Код да Винчи,Дэн Браун,Детектив,3,530,10,477.0,1431.0,2025-11-11,В доставке,СДЭК,Акционный товар
ORD011B03,11,Абрамов Григорий Ерофеевич,Сила настоящего,Экхарт Толле,Саморазвитие,1,380,0,380,380,2025-08-30,Отменен,Курьерская доставка,Со скидочной картой
ORD011B04,11,Абрамов Григорий Ерофеевич,Атлант расправил плечи,Айн Рэнд,Философия,2,1200,0,1200,2400,2025-01-05,Ожидает оплаты,Курьерская доставка,Самовывоз из пункта выдачи
ORD011B05,11,Абрамов Григорий Ерофеевич,Семь сестёр,Люсинда Райли,Роман,2,550,20,440.0,880.0,2025-01-09,Доставлен,Самовывоз,Подарок
ORD011B01,11,Абрамов Григорий Ерофеевич,Три товарища,Эрих Мария Ремарк,Классика,3,480,15,408.0,1224.0,2025-07-25,Возврат,DPD,Акционный товар
ORD011B02,11,Абрамов Григорий Ерофеевич,О дивный новый мир,Олдос Хаксли,Антиутопия,3,410,0,410,1230,2025-04-07,Ожидает оплаты,DPD,
ORD011B03,11,Абрамов Григорий Ерофеевич,Думай и богатей,Наполеон Хилл,Саморазвитие,1,350,10,315.0,315.0,2025-08-07,Выполнен,СДЭК,Корпоративный заказ
ORD012B01,12,Миронов Болеслав Елизарович,Братья Карамазовы,Фёдор Достоевский,Классика,1,620,25,465.0,465.0,2025-01-10,Обработан,Курьерская доставка,Со скидочной картой
ORD012B02,12,Миронов Болеслав Елизарович,Преступление и наказание,Фёдор Достоевский,Классика,2,380,30,266.0,532.0,2025-10-04,Доставлен,Курьерская доставка,
ORD012B03,12,Миронов Болеслав Елизарович,Игра престолов,Джордж Р. Р. Мартин,Фэнтези,1,680,15,578.0,578.0,2025-07-13,Обработан,DPD,Акционный товар
ORD012B04,12,Миронов Болеслав Елизарович,Мастер и Маргарита,Михаил Булгаков,Классика,2,450,30,315.0,630.0,2025-07-30,Доставлен,DPD,
ORD012B01,12,Миронов Болеслав Елизарович,К востоку от Эдема,Джон Стейнбек,Классика,3,570,0,570,1710,2025-03-10,В доставке,DPD,Подарок
ORD012B02,12,Миронов Болеслав Елизарович,Метро 2033,Дмитрий Глуховский,Постапокалипсис,2,490,15,416.5,833.0,2025-04-21,В доставке,Самовывоз,Первый заказ
ORD013B01,13,Белоусов Борис Ефимович,Преступление и наказание,Фёдор Достоевский,Классика,1,380,0,380,380,2025-04-04,Обработан,СДЭК,Срочная доставка
ORD013B02,13,Белоусов Борис Ефимович,К востоку от Эдема,Джон Стейнбек,Классика,2,570,15,484.5,969.0,2025-03-05,Ожидает оплаты,СДЭК,
ORD013B01,13,Белоусов Борис Ефимович,Алхимик,Пауло Коэльо,Роман,1,410,10,369.0,369.0,2025-05-14,Возврат,СДЭК,
ORD013B01,13,Белоусов Борис Ефимович,Сто лет одиночества,Габриэль Гарсиа Маркес,Магический реализм,1,560,25,420.0,420.0,2025-11-09,Возврат,Самовывоз,Акционный товар
ORD013B02,13,Белоусов Борис Ефимович,Мастер и Маргарита,Михаил Булгаков,Классика,2,450,10,405.0,810.0,2025-10-28,Выполнен,СДЭК,Самовывоз из пункта выдачи
ORD013B03,13,Белоусов Борис Ефимович,Гарри Поттер и философский камень,Джоан Роулинг,Фэнтези,3,590,0,590,1770,2025-05-14,Доставлен,Курьерская доставка,
ORD013B04,13,Белоусов Борис Ефимович,Код да Винчи,Дэн Браун,Детектив,1,530,30,371.0,371.0,2025-03-29,Возврат,Почта России,
ORD013B01,13,Белоусов Борис Ефимович,"Есть, молиться, любить",Элизабет Гилберт,Биография,3,420,30,294.0,882.0,2025-06-13,Возврат,Курьерская доставка,Со скидочной картой
ORD013B02,13,Белоусов Борис Ефимович,Лолита,Владимир Набоков,Классика,3,430,0,430,1290,2025-04-02,В доставке,Курьерская доставка,
ORD013B03,13,Белоусов Борис Ефимович,"Богатый папа, бедный папа",Роберт Кийосаки,Финансы,2,510,20,408.0,816.0,2025-08-08,Доставлен,Почта России,
ORD013B04,13,Белоусов Борис Ефимович,Маленький принц,Антуан де Сент-Экзюпери,Философия,2,320,20,256.0,512.0,2025-04-12,Ожидает оплаты,СДЭК,
ORD013B05,13,Белоусов Борис Ефимович,1984,Джордж Оруэлл,Антиутопия,3,520,20,416.0,1248.0,2025-08-30,Доставлен,Самовывоз,Бесконтактная доставка
ORD014B01,14,Зыков Всемил Ефимьевич,Психология влияния,Роберт Чалдини,Психология,1,580,25,435.0,435.0,2025-03-06,Ожидает оплаты,Самовывоз,Бесконтактная доставка
ORD014B01,14,Зыков Всемил Ефимьевич,Шантарам,Грегори Дэвид Робертс,Приключения,3,750,25,562.5,1687.5,2025-07-09,Ожидает оплаты,Самовывоз,
ORD014B01,14,Зыков Всемил Ефимьевич,Гарри Поттер и философский камень,Джоан Роулинг,Фэнтези,3,590,0,590,1770,2025-03-20,Выполнен,Почта России,
ORD014B02,14,Зыков Всемил Ефимьевич,Девушка в поезде,Пола Хокинс,Триллер,1,460,0,460,460,2025-09-11,Доставлен,Курьерская доставка,Со скидочной картой
ORD014B03,14,Зыков Всемил Ефимьевич,Атлант расправил плечи,Айн Рэнд,Философия,3,1200,30,840.0,2520.0,2024-12-19,Отменен,СДЭК,Самовывоз из пункта выдачи
ORD014B01,14,Зыков Всемил Ефимьевич,Исчезнувшая,Гиллиан Флинн,Триллер,3,480,30,336.0,1008.0,2025-10-19,Доставлен,DPD,Акционный товар
ORD015B01,15,Панфилова Иванна Кирилловна,Хижина,Уильям Пол Янг,Религия,3,390,15,331.5,994.5,2025-07-23,Возврат,Почта России,Предзаказ
ORD015B02,15,Панфилова Иванна Кирилловна,"Есть, молиться, любить",Элизабет Гилберт,Биография,2,420,15,357.0,714.0,2025-11-20,Доставлен,Курьерская доставка,Акционный товар
ORD015B03,15,Панфилова Иванна Кирилловна,К востоку от Эдема,Джон Стейнбек,Классика,3,570,25,427.5,1282.5,2025-06-05,Отменен,Boxberry,
ORD015B04,15,Панфилова Иванна Кирилловна,1984,Джордж Оруэлл,Антиутопия,3,520,20,416.0,1248.0,2025-08-20,Отменен,СДЭК,
ORD017B01,17,Исаева Алла Павловна,Анна Каренина,Лев Толстой,Классика,1,510,10,459.0,459.0,2025-04-20,Отменен,Почта России,Предзаказ
ORD017B02,17,Исаева Алла Павловна,Исчезнувшая,Гиллиан Флинн,Триллер,2,480,0,480,960,2025-08-24,Доставлен,Курьерская доставка,Бесконтактная доставка
ORD017B03,17,Исаева Алла Павловна,О дивный новый мир,Олдос Хаксли,Антиутопия,1,410,15,348.5,348.5,2025-10-21,Ожидает оплаты,СДЭК,Постоянный клиент
ORD017B01,17,Исаева Алла Павловна,Лолита,Владимир Набоков,Классика,3,430,25,322.5,967.5,2024-12-15,Доставлен,Самовывоз,Бесконтактная доставка
ORD017B02,17,Исаева Алла Павловна,Гарри Поттер и философский камень,Джоан Роулинг,Фэнтези,2,590,10,531.0,1062.0,2025-06-09,Выполнен,Boxberry,Автограф автора
ORD017B03,17,Исаева Алла Павловна,Маленький принц,Антуан де Сент-Экзюпери,Философия,3,320,10,288.0,864.0,2025-07-23,Отменен,Курьерская доставка,Постоянный клиент
ORD017B04,17,Исаева Алла Павловна,К востоку от Эдема,Джон Стейнбек,Классика,3,570,10,513.0,1539.0,2025-10-21,Доставлен,Почта России,Первый заказ
ORD017B01,17,Исаева Алла Павловна,Великий Гэтсби,Фрэнсис Скотт Фицджеральд,Классика,3,370,25,277.5,832.5,2025-11-20,Отменен,DPD,Подарок
ORD017B02,17,Исаева Алла Павловна,Убить пересмешника,Харпер Ли,Классика,3,440,30,308.0,924.0,2025-01-03,Отменен,СДЭК,
ORD017B01,17,Исаева Алла Павловна,Портрет Дориана Грея,Оскар Уайльд,Классика,1,390,10,351.0,351.0,2025-06-08,В доставке,DPD,Первый заказ
ORD017B02,17,Исаева Алла Павловна,К востоку от Эдема,Джон Стейнбек,Классика,1,570,25,427.5,427.5,2025-11-07,Выполнен,Почта России,
ORD017B03,17,Исаева Алла Павловна,Властелин колец,Джон Р. Р. Толкин,Фэнтези,3,980,0,980,2940,2025-02-13,Ожидает оплаты,Почта России,Первый заказ
ORD017B04,17,Исаева Алла Павловна,Думай и богатей,Наполеон Хилл,Саморазвитие,3,350,10,315.0,945.0,2025-02-03,Выполнен,Самовывоз,Автограф автора
ORD018B01,18,Громов Касьян Евстигнеевич,Великий Гэтсби,Фрэнсис Скотт Фицджеральд,Классика,3,370,0,370,1110,2025-10-18,Отменен,Самовывоз,Срочная доставка
ORD018B02,18,Громов Касьян Евстигнеевич,Фонд,Айзек Азимов,Научная фантастика,2,470,30,329.0,658.0,2025-10-09,Выполнен,DPD,Предзаказ
ORD018B01,18,Громов Касьян Евстигнеевич,Преступление и наказание,Фёдор Достоевский,Классика,1,380,0,380,380,2025-04-10,Выполнен,Самовывоз,Корпоративный заказ
ORD018B02,18,Громов Касьян Евстигнеевич,Анна Каренина,Лев Толстой,Классика,1,510,25,382.5,382.5,2025-06-14,Ожидает оплаты,Boxberry,Постоянный клиент
ORD018B03,18,Громов Касьян Евстигнеевич,Война и мир,Лев Толстой,Классика,3,890,0,890,2670,2025-02-03,В доставке,DPD,Самовывоз из пункта выдачи
ORD018B04,18,Громов Касьян Евстигнеевич,Гарри Поттер и философский камень,Джоан Роулинг,Фэнтези,1,590,30,413.0,413.0,2025-03-25,Выполнен,Почта России,
ORD018B05,18,Громов Касьян Евстигнеевич,Лолита,Владимир Набоков,Классика,2,430,15,365.5,731.0,2025-04-12,Доставлен,СДЭК,Предзаказ
ORD018B01,18,Громов Касьян Евстигнеевич,Код да Винчи,Дэн Браун,Детектив,2,530,10,477.0,954.0,2024-12-07,Отменен,DPD,
ORD018B02,18,Громов Касьян Евстигнеевич,Война и мир,Лев Толстой,Классика,1,890,0,890,890,2025-04-23,Доставлен,Boxberry,Корпоративный заказ
ORD018B03,18,Громов Касьян Евстигнеевич,Анна Каренина,Лев Толстой,Классика,3,510,20,408.0,1224.0,2025-05-13,Обработан,Почта России,Предзаказ
ORD019B01,19,Смирнова Ираида Петровна,Гарри Поттер и философский камень,Джоан Роулинг,Фэнтези,2,590,0,590,1180,2025-01-17,Возврат,Boxberry,Первый заказ
ORD019B02,19,Смирнова Ираида Петровна,Психология влияния,Роберт Чалдини,Психология,3,580,30,406.0,1218.0,2025-04-10,В доставке,DPD,Первый заказ
ORD019B01,19,Смирнова Ираида Петровна,Девушка в поезде,Пола Хокинс,Триллер,3,460,15,391.0,1173.0,2024-11-27,Доставлен,СДЭК,Самовывоз из пункта выдачи
ORD019B02,19,Смирнова Ираида Петровна,Сто лет одиночества,Габриэль Гарсиа Маркес,Магический реализм,3,560,15,476.0,1428.0,2025-04-16,Ожидает оплаты,Boxberry,
ORD019B03,19,Смирнова Ираида Петровна,Алхимик,Пауло Коэльо,Роман,3,410,0,410,1230,2025-01-01,Ожидает оплаты,Boxberry,Автограф автора
ORD019B04,19,Смирнова Ираида Петровна,Думай и богатей,Наполеон Хилл,Саморазвитие,3,350,10,315.0,945.0,2025-06-26,В доставке,Boxberry,Предзаказ
ORD020B01,20,Иванов Аверкий Елизарович,Цветы для Элджернона,Дэниел Киз,Научная фантастика,1,360,25,270.0,270.0,2025-08-04,Ожидает оплаты,Boxberry,
ORD020B02,20,Иванов Аверкий Елизарович,Психология влияния,Роберт Чалдини,Психология,1,580,25,435.0,435.0,2025-11-06,Выполнен,Курьерская доставка,Бесконтактная доставка
ORD020B03,20,Иванов Аверкий Елизарович,Лолита,Владимир Набоков,Классика,1,430,0,430,430,2025-02-15,Выполнен,Курьерская доставка,
ORD020B04,20,Иванов Аверкий Елизарович,Великий Гэтсби,Фрэнсис Скотт Фицджеральд,Классика,3,370,20,296.0,888.0,2025-02-27,Обработан,Boxberry,
ORD020B05,20,Иванов Аверкий Елизарович,Семь сестёр,Люсинда Райли,Роман,2,550,10,495.0,990.0,2024-12-09,Возврат,Курьерская доставка,Корпоративный заказ
ORD020B01,20,Иванов Аверкий Елизарович,Война и мир,Лев Толстой,Классика,3,890,25,667.5,2002.5,2025-02-23,Доставлен,Курьерская доставка,
ORD021B01,21,Кузнецова Элеонора Викторовна,Цветы для Элджернона,Дэниел Киз,Научная фантастика,3,360,15,306.0,918.0,2025-02-21,Обработан,СДЭК,
ORD021B01,21,Кузнецова Элеонора Викторовна,"Богатый папа, бедный папа",Роберт Кийосаки,Финансы,1,510,30,357.0,357.0,2025-03-21,Возврат,Самовывоз,Корпоративный заказ
ORD021B02,21,Кузнецова Элеонора Викторовна,Анна Каренина,Лев Толстой,Классика,2,510,0,510,1020,2025-06-01,Возврат,Почта России,
ORD021B03,21,Кузнецова Элеонора Викторовна,Фонд,Айзек Азимов,Научная фантастика,2,470,0,470,940,2025-02-09,Доставлен,Boxberry,Акционный товар
ORD021B01,21,Кузнецова Элеонора Викторовна,Сила настоящего,Экхарт Толле,Саморазвитие,1,380,10,342.0,342.0,2025-09-22,В доставке,Самовывоз,Подарочная упаковка
ORD021B02,21,Кузнецова Элеонора Викторовна,Маленький принц,Антуан де Сент-Экзюпери,Философия,3,320,15,272.0,816.0,2025-03-08,Возврат,Boxberry,
ORD021B03,21,Кузнецова Элеонора Викторовна,Три товарища,Эрих Мария Ремарк,Классика,3,480,25,360.0,1080.0,2025-03-24,Возврат,Почта России,Подарок
ORD021B04,21,Кузнецова Элеонора Викторовна,Война и мир,Лев Толстой,Классика,1,890,10,801.0,801.0,2024-12-15,Ожидает оплаты,Boxberry,Предзаказ
ORD022B01,22,Лаврентьев Ярополк Богданович,Метро 2033,Дмитрий Глуховский,Постапокалипсис,3,490,0,490,1470,2025-07-03,Выполнен,Почта России,Срочная доставка
ORD022B02,22,Лаврентьев Ярополк Богданович,Фонд,Айзек Азимов,Научная фантастика,3,470,10,423.0,1269.0,2025-03-22,Отменен,Boxberry,Автограф автора
ORD022B01,22,Лаврентьев Ярополк Богданович,451° по Фаренгейту,Рэй Брэдбери,Антиутопия,3,400,20,320.0,960.0,2025-06-01,Доставлен,Почта России,Со скидочной картой
ORD022B02,22,Лаврентьев Ярополк Богданович,О дивный новый мир,Олдос Хаксли,Антиутопия,1,410,25,307.5,307.5,2025-09-10,В доставке,Курьерская доставка,Первый заказ
ORD022B01,22,Лаврентьев Ярополк Богданович,Фонд,Айзек Азимов,Научная фантастика,3,470,20,376.0,1128.0,2025-02-07,Отменен,Boxberry,Акционный товар
ORD022B02,22,Лаврентьев Ярополк Богданович,О дивный новый мир,Олдос Хаксли,Антиутопия,2,410,10,369.0,738.0,2025-10-22,Отменен,Курьерская доставка,Бесконтактная доставка
ORD022B03,22,Лаврентьев Ярополк Богданович,К востоку от Эдема,Джон Стейнбек,Классика,2,570,20,456.0,912.0,2025-03-15,В доставке,Почта России,Подарок
ORD022B04,22,Лаврентьев Ярополк Богданович,Гарри Поттер и философский камень,Джоан Роулинг,Фэнтези,3,590,0,590,1770,2025-08-27,Возврат,DPD,Корпоративный заказ
ORD022B05,22,Лаврентьев Ярополк Богданович,Психология влияния,Роберт Чалдини,Психология,3,580,20,464.0,1392.0,2025-01-22,Выполнен,Курьерская доставка,Первый заказ
ORD022B01,22,Лаврентьев Ярополк Богданович,Дюна,Фрэнк Герберт,Научная фантастика,1,540,20,432.0,432.0,2025-09-18,Возврат,СДЭК,Срочная доставка
ORD022B02,22,Лаврентьев Ярополк Богданович,Война и мир,Лев Толстой,Классика,2,890,0,890,1780,2025-11-16,В доставке,Boxberry,Автограф автора
ORD022B03,22,Лаврентьев Ярополк Богданович,Код да Винчи,Дэн Браун,Детектив,2,530,0,530,1060,2025-08-16,Возврат,DPD,Предзаказ
ORD023B01,23,Панова Лариса Константиновна,Хижина,Уильям Пол Янг,Религия,2,390,0,390,780,2024-12-12,Ожидает оплаты,DPD,Подарок
ORD023B01,23,Панова Лариса Константиновна,Лолита,Владимир Набоков,Классика,2,430,30,301.0,602.0,2025-06-22,Возврат,Самовывоз,Акционный товар
ORD023B02,23,Панова Лариса Константиновна,Анна Каренина,Лев Толстой,Классика,1,510,30,357.0,357.0,2024-12-05,Выполнен,Самовывоз,
ORD023B03,23,Панова Лариса Константиновна,Цветы для Элджернона,Дэниел Киз,Научная фантастика,3,360,0,360,1080,2024-12-19,Возврат,Курьерская доставка,Со скидочной картой
ORD023B04,23,Панова Лариса Константиновна,Братья Карамазовы,Фёдор Достоевский,Классика,3,620,0,620,1860,2025-06-19,Выполнен,Курьерская доставка,Предзаказ
ORD024B01,24,Новикова Анжела Оскаровна,Шантарам,Грегори Дэвид Робертс,Приключения,1,750,10,675.0,675.0,2025-09-30,Ожидает оплаты,Boxberry,Акционный товар
ORD024B02,24,Новикова Анжела Оскаровна,Психология влияния,Роберт Чалдини,Психология,3,580,25,435.0,1305.0,2025-02-27,Отменен,Самовывоз,Подарок
ORD024B03,24,Новикова Анжела Оскаровна,Братья Карамазовы,Фёдор Достоевский,Классика,2,620,0,620,1240,2025-02-04,Возврат,Курьерская доставка,Подарочная упаковка
ORD024B04,24,Новикова Анжела Оскаровна,Гарри Поттер и философский камень,Джоан Роулинг,Фэнтези,1,590,10,531.0,531.0,2025-11-17,В доставке,Курьерская доставка,Подарок
ORD024B05,24,Новикова Анжела Оскаровна,Война и мир,Лев Толстой,Классика,2,890,0,890,1780,2025-08-16,Выполнен,СДЭК,
ORD024B01,24,Новикова Анжела Оскаровна,Код да Винчи,Дэн Браун,Детектив,2,530,0,530,1060,2024-12-30,Выполнен,Самовывоз,Подарок
ORD024B01,24,Новикова Анжела Оскаровна,Думай и богатей,Наполеон Хилл,Саморазвитие,3,350,10,315.0,945.0,2025-08-04,Отменен,Почта России,Автограф автора
ORD024B02,24,Новикова Анжела Оскаровна,Хижина,Уильям Пол Янг,Религия,3,390,0,390,1170,2025-11-21,Возврат,СДЭК,
ORD024B03,24,Новикова Анжела Оскаровна,Великий Гэтсби,Фрэнсис Скотт Фицджеральд,Классика,3,370,15,314.5,943.5,2025-11-19,Отменен,СДЭК,
ORD024B04,24,Новикова Анжела Оскаровна,Война и мир,Лев Толстой,Классика,2,890,25,667.5,1335.0,2025-08-11,Обработан,Boxberry,
ORD024B01,24,Новикова Анжела Оскаровна,Думай и богатей,Наполеон Хилл,Саморазвитие,1,350,10,315.0,315.0,2025-05-06,Обработан,СДЭК,Постоянный клиент
ORD025B01,25,Блохина Марфа Захаровна,Atomic Habits,Джеймс Клир,Саморазвитие,3,620,30,434.0,1302.0,2025-08-15,Отменен,Самовывоз,Срочная доставка
ORD025B02,25,Блохина Марфа Захаровна,Алхимик,Пауло Коэльо,Роман,2,410,15,348.5,697.0,2025-05-24,Обработан,DPD,Первый заказ
ORD025B03,25,Блохина Марфа Захаровна,Хижина,Уильям Пол Янг,Религия,1,390,0,390,390,2025-10-23,Ожидает оплаты,Самовывоз,Автограф автора
ORD025B04,25,Блохина Марфа Захаровна,Семь сестёр,Люсинда Райли,Роман,1,550,20,440.0,440.0,2025-05-05,В доставке,СДЭК,Бесконтактная доставка
ORD026B01,26,Сазонова Милица Вениаминовна,Метро 2033,Дмитрий Глуховский,Постапокалипсис,3,490,0,490,1470,2025-04-21,Отменен,Курьерская доставка,Автограф автора
ORD026B02,26,Сазонова Милица Вениаминовна,Гарри Поттер и философский камень,Джоан Роулинг,Фэнтези,3,590,20,472.0,1416.0,2025-07-19,Отменен,Курьерская доставка,Акционный товар
ORD028B01,28,Белозеров Никита Трифонович,"Есть, молиться, любить",Элизабет Гилберт,Биография,2,420,0,420,840,2025-10-24,Выполнен,Boxberry,Предзаказ
ORD028B02,28,Белозеров Никита Трифонович,Исчезнувшая,Гиллиан Флинн,Триллер,2,480,25,360.0,720.0,2024-12-02,Возврат,Почта России,
ORD028B03,28,Белозеров Никита Трифонович,Атлант расправил плечи,Айн Рэнд,Философия,1,1200,20,960.0,960.0,2025-09-26,В доставке,Boxberry,
ORD028B04,28,Белозеров Никита Трифонович,К востоку от Эдема,Джон Стейнбек,Классика,1,570,10,513.0,513.0,2025-04-23,Возврат,DPD,Бесконтактная доставка
ORD028B01,28,Белозеров Никита Трифонович,Думай и богатей,Наполеон Хилл,Саморазвитие,3,350,0,350,1050,2025-08-23,Ожидает оплаты,Boxberry,
ORD028B02,28,Белозеров Никита Трифонович,Гарри Поттер и философский камень,Джоан Роулинг,Фэнтези,2,590,15,501.5,1003.0,2025-05-30,Выполнен,Boxberry,Акционный товар
ORD028B03,28,Белозеров Никита Трифонович,451° по Фаренгейту,Рэй Брэдбери,Антиутопия,2,400,0,400,800,2025-02-17,Ожидает оплаты,Курьерская доставка,Подарок
ORD028B04,28,Белозеров Никита Трифонович,Сто лет одиночества,Габриэль Гарсиа Маркес,Магический реализм,1,560,30,392.0,392.0,2025-05-31,В доставке,Курьерская доставка,Акционный товар
ORD028B01,28,Белозеров Никита Трифонович,Сто лет одиночества,Габриэль Гарсиа Маркес,Магический реализм,2,560,15,476.0,952.0,2025-06-03,Обработан,Boxberry,Со скидочной картой
ORD028B02,28,Белозеров Никита Трифонович,Атлант расправил плечи,Айн Рэнд,Философия,1,1200,20,960.0,960.0,2025-07-13,Возврат,DPD,Акционный товар
ORD028B03,28,Белозеров Никита Трифонович,Цветы для Элджернона,Дэниел Киз,Научная фантастика,2,360,0,360,720,2025-05-03,Обработан,DPD,Бесконтактная доставка
ORD028B04,28,Белозеров Никита Трифонович,Думай и богатей,Наполеон Хилл,Саморазвитие,1,350,10,315.0,315.0,2025-06-07,Доставлен,DPD,Первый заказ
ORD028B01,28,Белозеров Никита Трифонович,Хижина,Уильям Пол Янг,Религия,2,390,25,292.5,585.0,2025-06-01,Отменен,Почта России,Бесконтактная доставка
ORD028B02,28,Белозеров Никита Трифонович,Метро 2033,Дмитрий Глуховский,Постапокалипсис,1,490,0,490,490,2025-11-15,Доставлен,Boxberry,Первый заказ
ORD028B03,28,Белозеров Никита Трифонович,К востоку от Эдема,Джон Стейнбек,Классика,1,570,20,456.0,456.0,2025-03-15,Доставлен,Курьерская доставка,Автограф автора
ORD028B04,28,Белозеров Никита Трифонович,Маленький принц,Антуан де Сент-Экзюпери,Философия,3,320,30,224.0,672.0,2025-07-30,Ожидает оплаты,Курьерская доставка,Самовывоз из пункта выдачи
ORD028B05,28,Белозеров Никита Трифонович,"Есть, молиться, любить",Элизабет Гилберт,Биография,2,420,0,420,840,2025-01-23,В доставке,СДЭК,Автограф автора
ORD030B01,30,Зимина Ольга Никифоровна,Война и мир,Лев Толстой,Классика,2,890,0,890,1780,2025-10-01,В доставке,СДЭК,Со скидочной картой
ORD030B02,30,Зимина Ольга Никифоровна,К востоку от Эдема,Джон Стейнбек,Классика,1,570,25,427.5,427.5,2025-07-30,Выполнен,Курьерская доставка,
ORD031B01,31,Игнатова Светлана Григорьевна,К востоку от Эдема,Джон Стейнбек,Классика,3,570,30,399.0,1197.0,2025-01-04,Доставлен,Почта России,
ORD031B02,31,Игнатова Светлана Григорьевна,Сила настоящего,Экхарт Толле,Саморазвитие,2,380,25,285.0,570.0,2025-04-04,Ожидает оплаты,Boxberry,Автограф автора
ORD031B03,31,Игнатова Светлана Григорьевна,Код да Винчи,Дэн Браун,Детектив,1,530,25,397.5,397.5,2025-03-15,Отменен,Курьерская доставка,
ORD032B01,32,Казакова Полина Кирилловна,Думай и богатей,Наполеон Хилл,Саморазвитие,1,350,10,315.0,315.0,2025-01-29,Отменен,СДЭК,Предзаказ
ORD032B02,32,Казакова Полина Кирилловна,Гарри Поттер и философский камень,Джоан Роулинг,Фэнтези,1,590,0,590,590,2025-08-02,В доставке,Курьерская доставка,
ORD032B03,32,Казакова Полина Кирилловна,Исчезнувшая,Гиллиан Флинн,Триллер,1,480,10,432.0,432.0,2024-12-07,Обработан,СДЭК,Самовывоз из пункта выдачи
ORD032B01,32,Казакова Полина Кирилловна,Великий Гэтсби,Фрэнсис Скотт Фицджеральд,Классика,1,370,0,370,370,2025-07-02,В доставке,Курьерская доставка,Срочная доставка
ORD032B02,32,Казакова Полина Кирилловна,Портрет Дориана Грея,Оскар Уайльд,Классика,2,390,0,390,780,2025-11-06,Доставлен,Boxberry,Первый заказ
ORD032B03,32,Казакова Полина Кирилловна,Исчезнувшая,Гиллиан Флинн,Триллер,2,480,25,360.0,720.0,2025-05-10,Ожидает оплаты,Почта России,
ORD032B04,32,Казакова Полина Кирилловна,Фонд,Айзек Азимов,Научная фантастика,3,470,20,376.0,1128.0,2025-03-28,Ожидает оплаты,DPD,
ORD032B05,32,Казакова Полина Кирилловна,Психология влияния,Роберт Чалдини,Психология,2,580,0,580,1160,2025-01-25,Возврат,Boxberry,Первый заказ
ORD032B01,32,Казакова Полина Кирилловна,Дюна,Фрэнк Герберт,Научная фантастика,2,540,0,540,1080,2025-07-28,Отменен,Почта России,Самовывоз из пункта выдачи
ORD033B01,33,Белозерова Лора Тимофеевна,Лолита,Владимир Набоков,Классика,3,430,0,430,1290,2025-11-19,Ожидает оплаты,Курьерская доставка,Первый заказ
ORD035B01,35,Турова Зоя Геннадьевна,Анна Каренина,Лев Толстой,Классика,2,510,30,357.0,714.0,2025-01-01,В доставке,DPD,Подарочная упаковка
ORD035B02,35,Турова Зоя Геннадьевна,Убить пересмешника,Харпер Ли,Классика,1,440,20,352.0,352.0,2025-10-25,Обработан,СДЭК,Автограф автора
ORD035B03,35,Турова Зоя Геннадьевна,Психология влияния,Роберт Чалдини,Психология,3,580,0,580,1740,2025-11-16,Обработан,Почта России,Первый заказ
ORD035B01,35,Турова Зоя Геннадьевна,Семь сестёр,Люсинда Райли,Роман,3,550,15,467.5,1402.5,2025-06-22,В доставке,Самовывоз,
ORD035B02,35,Турова Зоя Геннадьевна,О дивный новый мир,Олдос Хаксли,Антиутопия,1,410,20,328.0,328.0,2025-09-20,Возврат,СДЭК,Бесконтактная доставка
ORD036B01,36,Шилова Татьяна Викторовна,Тёмные начала,Филип Пулман,Фэнтези,2,670,20,536.0,1072.0,2025-08-26,Выполнен,DPD,Бесконтактная доставка
ORD036B02,36,Шилова Татьяна Викторовна,Сто лет одиночества,Габриэль Гарсиа Маркес,Магический реализм,3,560,25,420.0,1260.0,2025-09-13,Возврат,СДЭК,Со скидочной картой
ORD036B03,36,Шилова Татьяна Викторовна,451° по Фаренгейту,Рэй Брэдбери,Антиутопия,1,400,20,320.0,320.0,2025-05-06,Обработан,Самовывоз,Корпоративный заказ
ORD036B01,36,Шилова Татьяна Викторовна,1984,Джордж Оруэлл,Антиутопия,1,520,10,468.0,468.0,2025-03-29,Выполнен,DPD,Подарок
ORD036B02,36,Шилова Татьяна Викторовна,Властелин колец,Джон Р. Р. Толкин,Фэнтези,1,980,0,980,980,2025-06-04,В доставке,DPD,
ORD036B03,36,Шилова Татьяна Викторовна,"Богатый папа, бедный папа",Роберт Кийосаки,Финансы,1,510,25,382.5,382.5,2025-11-14,Выполнен,Boxberry,Подарок
ORD036B04,36,Шилова Татьяна Викторовна,Дюна,Фрэнк Герберт,Научная фантастика,1,540,10,486.0,486.0,2025-10-02,В доставке,СДЭК,
ORD036B05,36,Шилова Татьяна Викторовна,Маленький принц,Антуан де Сент-Экзюпери,Философия,1,320,0,320,320,2025-03-14,Отменен,СДЭК,Постоянный клиент
ORD037B01,37,Коновалов Аполлинарий Федосьевич,Властелин колец,Джон Р. Р. Толкин,Фэнтези,2,980,25,735.0,1470.0,2025-05-20,В доставке,Почта России,Постоянный клиент
ORD037B02,37,Коновалов Аполлинарий Федосьевич,Исчезнувшая,Гиллиан Флинн,Триллер,3,480,0,480,1440,2025-06-28,Доставлен,СДЭК,Подарочная упаковка
ORD038B01,38,Владимиров Родион Харлампович,Портрет Дориана Грея,Оскар Уайльд,Классика,2,390,15,331.5,663.0,2025-04-02,Ожидает оплаты,Самовывоз,Постоянный клиент
ORD038B01,38,Владимиров Родион Харлампович,Преступление и наказание,Фёдор Достоевский,Классика,2,380,0,380,760,2025-10-06,Возврат,Boxberry,Подарок
ORD038B02,38,Владимиров Родион Харлампович,Властелин колец,Джон Р. Р. Толкин,Фэнтези,3,980,0,980,2940,2024-12-10,Возврат,Самовывоз,Акционный товар
ORD038B03,38,Владимиров Родион Харлампович,Семь сестёр,Люсинда Райли,Роман,1,550,30,385.0,385.0,2025-04-01,Выполнен,Курьерская доставка,Подарок
ORD038B04,38,Владимиров Родион Харлампович,Война и мир,Лев Толстой,Классика,1,890,25,667.5,667.5,2024-12-24,Выполнен,Самовывоз,Первый заказ
ORD038B01,38,Владимиров Родион Харлампович,Atomic Habits,Джеймс Клир,Саморазвитие,1,620,0,620,620,2025-06-25,Ожидает оплаты,СДЭК,Автограф автора
ORD038B02,38,Владимиров Родион Харлампович,Метро 2033,Дмитрий Глуховский,Постапокалипсис,3,490,0,490,1470,2024-11-26,Выполнен,СДЭК,Акционный товар
ORD038B03,38,Владимиров Родион Харлампович,Девушка в поезде,Пола Хокинс,Триллер,2,460,15,391.0,782.0,2024-12-29,Возврат,Почта России,Бесконтактная доставка
ORD038B04,38,Владимиров Родион Харлампович,Сто лет одиночества,Габриэль Гарсиа Маркес,Магический реализм,3,560,0,560,1680,2025-10-19,Доставлен,Почта России,Постоянный клиент
ORD038B05,38,Владимиров Родион Харлампович,Алхимик,Пауло Коэльо,Роман,2,410,15,348.5,697.0,2025-09-01,Доставлен,СДЭК,Корпоративный заказ
ORD039B01,39,Фролов Ермил Викторович,Алхимик,Пауло Коэльо,Роман,3,410,0,410,1230,2025-10-06,В доставке,Самовывоз,Подарочная упаковка
ORD042B01,42,Юдина Анжелика Ефимовна,Лолита,Владимир Набоков,Классика,3,430,0,430,1290,2025-01-07,Отменен,DPD,
ORD042B02,42,Юдина Анжелика Ефимовна,Психология влияния,Роберт Чалдини,Психология,1,580,15,493.0,493.0,2025-08-11,Отменен,Boxberry,Акционный товар
ORD042B01,42,Юдина Анжелика Ефимовна,Код да Винчи,Дэн Браун,Детектив,1,530,25,397.5,397.5,2025-05-30,Доставлен,DPD,Срочная доставка
ORD042B02,42,Юдина Анжелика Ефимовна,Мастер и Маргарита,Михаил Булгаков,Классика,3,450,15,382.5,1147.5,2025-08-14,Возврат,Boxberry,Срочная доставка
ORD043B01,43,Павлов Корнил Аксёнович,Анна Каренина,Лев Толстой,Классика,3,510,10,459.0,1377.0,2025-06-09,Обработан,DPD,Автограф автора
ORD043B02,43,Павлов Корнил Аксёнович,Мастер и Маргарита,Михаил Булгаков,Классика,3,450,0,450,1350,2025-05-13,В доставке,Курьерская доставка,Предзаказ
ORD043B03,43,Павлов Корнил Аксёнович,Код да Винчи,Дэн Браун,Детектив,3,530,25,397.5,1192.5,2025-07-08,В доставке,Самовывоз,Предзаказ
ORD043B04,43,Павлов Корнил Аксёнович,Думай и богатей,Наполеон Хилл,Саморазвитие,3,350,15,297.5,892.5,2025-05-26,Возврат,Boxberry,Корпоративный заказ
ORD044B01,44,Семенова Зинаида Николаевна,Атлант расправил плечи,Айн Рэнд,Философия,1,1200,30,840.0,840.0,2025-04-23,В доставке,DPD,
ORD044B02,44,Семенова Зинаида Николаевна,Алхимик,Пауло Коэльо,Роман,3,410,15,348.5,1045.5,2025-02-05,Отменен,СДЭК,Подарочная упаковка
ORD044B03,44,Семенова Зинаида Николаевна,Игра престолов,Джордж Р. Р. Мартин,Фэнтези,3,680,25,510.0,1530.0,2024-12-26,Обработан,DPD,Первый заказ
ORD045B01,45,Киселева Наталья Михайловна,Фонд,Айзек Азимов,Научная фантастика,2,470,15,399.5,799.0,2025-03-19,Выполнен,Самовывоз,Самовывоз из пункта выдачи
ORD045B02,45,Киселева Наталья Михайловна,Психология влияния,Роберт Чалдини,Психология,3,580,0,580,1740,2025-06-29,Возврат,DPD,Подарочная упаковка
ORD045B03,45,Киселева Наталья Михайловна,Atomic Habits,Джеймс Клир,Саморазвитие,3,620,0,620,1860,2025-03-23,Возврат,Самовывоз,Со скидочной картой
ORD045B04,45,Киселева Наталья Михайловна,"Богатый папа, бедный папа",Роберт Кийосаки,Финансы,1,510,25,382.5,382.5,2025-08-28,Возврат,Почта России,Постоянный клиент
ORD045B01,45,Киселева Наталья Михайловна,Сила настоящего,Экхарт Толле,Саморазвитие,2,380,15,323.0,646.0,2025-04-23,Обработан,Курьерская доставка,Бесконтактная доставка
ORD045B02,45,Киселева Наталья Михайловна,К востоку от Эдема,Джон Стейнбек,Классика,1,570,0,570,570,2025-05-17,В доставке,Самовывоз,Со скидочной картой
ORD045B03,45,Киселева Наталья Михайловна,451° по Фаренгейту,Рэй Брэдбери,Антиутопия,3,400,0,400,1200,2025-09-25,Возврат,СДЭК,Срочная доставка
ORD045B04,45,Киселева Наталья Михайловна,Тёмные начала,Филип Пулман,Фэнтези,1,670,0,670,670,2025-02-01,Обработан,СДЭК,Автограф автора
ORD045B05,45,Киселева Наталья Михайловна,Атлант расправил плечи,Айн Рэнд,Философия,2,1200,20,960.0,1920.0,2025-10-23,Ожидает оплаты,DPD,Предзаказ
ORD047B01,47,Пахомов Амос Глебович,Атлант расправил плечи,Айн Рэнд,Философия,1,1200,10,1080.0,1080.0,2025-06-23,Выполнен,DPD,Первый заказ
ORD047B02,47,Пахомов Амос Глебович,Властелин колец,Джон Р. Р. Толкин,Фэнтези,1,980,30,686.0,686.0,2025-09-29,Возврат,DPD,Постоянный клиент
ORD047B03,47,Пахомов Амос Глебович,Убить пересмешника,Харпер Ли,Классика,3,440,15,374.0,1122.0,2025-08-25,Возврат,Почта России,Корпоративный заказ
ORD047B04,47,Пахомов Амос Глебович,Исчезнувшая,Гиллиан Флинн,Триллер,1,480,0,480,480,2025-10-21,Выполнен,DPD,
ORD048B01,48,Орлов Максимильян Гавриилович,Анна Каренина,Лев Толстой,Классика,2,510,30,357.0,714.0,2025-11-15,В доставке,Курьерская доставка,Автограф автора
ORD048B02,48,Орлов Максимильян Гавриилович,Мастер и Маргарита,Михаил Булгаков,Классика,3,450,15,382.5,1147.5,2025-08-25,Доставлен,СДЭК,Постоянный клиент
ORD048B03,48,Орлов Максимильян Гавриилович,Преступление и наказание,Фёдор Достоевский,Классика,2,380,0,380,760,2025-09-01,Ожидает оплаты,Курьерская доставка,Корпоративный заказ
ORD048B04,48,Орлов Максимильян Гавриилович,Метро 2033,Дмитрий Глуховский,Постапокалипсис,3,490,0,490,1470,2025-01-07,Отменен,Самовывоз,Подарочная упаковка
ORD048B05,48,Орлов Максимильян Гавриилович,Шантарам,Грегори Дэвид Робертс,Приключения,3,750,0,750,2250,2025-08-02,Выполнен,DPD,Автограф автора
ORD050B01,50,Власов Мартьян Валерьянович,Над пропастью во ржи,Джером Д. Сэлинджер,Роман,2,350,15,297.5,595.0,2025-09-04,Обработан,Самовывоз,Корпоративный заказ
ORD050B02,50,Власов Мартьян Валерьянович,Atomic Habits,Джеймс Клир,Саморазвитие,1,620,30,434.0,434.0,2025-05-09,Ожидает оплаты,Boxberry,Первый заказ
ORD050B03,50,Власов Мартьян Валерьянович,1984,Джордж Оруэлл,Антиутопия,1,520,25,390.0,390.0,2025-04-04,Обработан,СДЭК,Автограф автора
ORD050B01,50,Власов Мартьян Валерьянович,Сила настоящего,Экхарт Толле,Саморазвитие,3,380,15,323.0,969.0,2025-02-11,Обработан,Самовывоз,Срочная доставка
ORD051B01,51,Фомичева Агата Вадимовна,Шантарам,Грегори Дэвид Робертс,Приключения,1,750,25,562.5,562.5,2025-03-25,Отменен,Курьерская доставка,Постоянный клиент
ORD051B01,51,Фомичева Агата Вадимовна,Лолита,Владимир Набоков,Классика,2,430,0,430,860,2025-10-24,В доставке,Курьерская доставка,Подарочная упаковка
ORD052B01,52,Дорофеев Болеслав Юльевич,Семь сестёр,Люсинда Райли,Роман,3,550,25,412.5,1237.5,2025-08-06,Ожидает оплаты,Курьерская доставка,Бесконтактная доставка
ORD052B02,52,Дорофеев Болеслав Юльевич,451° по Фаренгейту,Рэй Брэдбери,Антиутопия,3,400,30,280.0,840.0,2025-07-07,Возврат,Самовывоз,Подарок
ORD052B01,52,Дорофеев Болеслав Юльевич,Исчезнувшая,Гиллиан Флинн,Триллер,1,480,30,336.0,336.0,2025-06-07,В доставке,Boxberry,
ORD052B02,52,Дорофеев Болеслав Юльевич,Убить пересмешника,Харпер Ли,Классика,3,440,30,308.0,924.0,2025-10-26,Ожидает оплаты,Почта России,Акционный товар
ORD052B03,52,Дорофеев Болеслав Юльевич,Сто лет одиночества,Габриэль Гарсиа Маркес,Магический реализм,3,560,25,420.0,1260.0,2025-01-29,Возврат,Самовывоз,Корпоративный заказ
ORD052B04,52,Дорофеев Болеслав Юльевич,Мастер и Маргарита,Михаил Булгаков,Классика,3,450,10,405.0,1215.0,2025-01-21,Отменен,Курьерская доставка,
ORD053B01,53,Тимофеев Сократ Харлампьевич,Тёмные начала,Филип Пулман,Фэнтези,3,670,30,469.0,1407.0,2025-04-12,Доставлен,Самовывоз,Предзаказ
ORD053B02,53,Тимофеев Сократ Харлампьевич,О дивный новый мир,Олдос Хаксли,Антиутопия,3,410,15,348.5,1045.5,2025-04-03,Доставлен,СДЭК,Первый заказ
ORD053B03,53,Тимофеев Сократ Харлампьевич,Портрет Дориана Грея,Оскар Уайльд,Классика,2,390,0,390,780,2024-12-02,Обработан,Почта России,Срочная доставка
ORD053B04,53,Тимофеев Сократ Харлампьевич,Шантарам,Грегори Дэвид Робертс,Приключения,1,750,25,562.5,562.5,2024-12-15,Обработан,СДЭК,Акционный товар
ORD054B01,54,Белоусова Полина Георгиевна,Убить пересмешника,Харпер Ли,Классика,3,440,20,352.0,1056.0,2025-05-27,Доставлен,DPD,Автограф автора
ORD054B02,54,Белоусова Полина Георгиевна,Психология влияния,Роберт Чалдини,Психология,2,580,0,580,1160,2024-12-14,Выполнен,Почта России,Корпоративный заказ
ORD054B03,54,Белоусова Полина Георгиевна,Исчезнувшая,Гиллиан Флинн,Триллер,2,480,10,432.0,864.0,2025-01-24,Ожидает оплаты,Почта России,
ORD054B04,54,Белоусова Полина Георгиевна,Война и мир,Лев Толстой,Классика,3,890,0,890,2670,2025-05-07,Выполнен,DPD,
ORD054B01,54,Белоусова Полина Георгиевна,Фонд,Айзек Азимов,Научная фантастика,1,470,15,399.5,399.5,2025-01-01,Отменен,Boxberry,Срочная доставка
ORD055B01,55,Шашков Галактион Владиславович,Война и мир,Лев Толстой,Классика,3,890,0,890,2670,2025-03-16,Выполнен,СДЭК,Подарочная упаковка
ORD055B01,55,Шашков Галактион Владиславович,Дюна,Фрэнк Герберт,Научная фантастика,1,540,0,540,540,2025-10-23,Обработан,Почта России,Акционный товар
ORD055B02,55,Шашков Галактион Владиславович,Властелин колец,Джон Р. Р. Толкин,Фэнтези,2,980,20,784.0,1568.0,2025-04-16,Возврат,Курьерская доставка,Бесконтактная доставка
ORD055B01,55,Шашков Галактион Владиславович,Семь сестёр,Люсинда Райли,Роман,1,550,15,467.5,467.5,2024-12-02,Возврат,DPD,Самовывоз из пункта выдачи
ORD055B02,55,Шашков Галактион Владиславович,Братья Карамазовы,Фёдор Достоевский,Классика,3,620,30,434.0,1302.0,2025-10-04,Отменен,Boxberry,Постоянный клиент
ORD055B03,55,Шашков Галактион Владиславович,Фонд,Айзек Азимов,Научная фантастика,1,470,15,399.5,399.5,2025-06-04,Обработан,Boxberry,Бесконтактная доставка
ORD055B04,55,Шашков Галактион Владиславович,Метро 2033,Дмитрий Глуховский,Постапокалипсис,2,490,30,343.0,686.0,2025-06-02,Возврат,Курьерская доставка,Корпоративный заказ
ORD055B01,55,Шашков Галактион Владиславович,Алхимик,Пауло Коэльо,Роман,3,410,30,287.0,861.0,2025-07-25,В доставке,Boxberry,Бесконтактная доставка
ORD055B02,55,Шашков Галактион Владиславович,Исчезнувшая,Гиллиан Флинн,Триллер,2,480,30,336.0,672.0,2024-12-02,Возврат,DPD,Срочная доставка
ORD055B03,55,Шашков Галактион Владиславович,Atomic Habits,Джеймс Клир,Саморазвитие,3,620,15,527.0,1581.0,2025-03-01,Возврат,DPD,Предзаказ
ORD055B04,55,Шашков Галактион Владиславович,Война и мир,Лев Толстой,Классика,1,890,0,890,890,2025-02-28,Выполнен,DPD,Со скидочной картой
ORD055B05,55,Шашков Галактион Владиславович,451° по Фаренгейту,Рэй Брэдбери,Антиутопия,3,400,0,400,1200,2025-03-08,В доставке,DPD,Самовывоз из пункта выдачи
ORD056B01,56,Рожкова Алевтина Харитоновна,Хижина,Уильям Пол Янг,Религия,2,390,0,390,780,2025-06-11,Отменен,Почта России,Предзаказ
ORD056B02,56,Рожкова Алевтина Харитоновна,Семь сестёр,Люсинда Райли,Роман,3,550,0,550,1650,2025-02-02,Доставлен,СДЭК,Корпоративный заказ
ORD056B03,56,Рожкова Алевтина Харитоновна,Тёмные начала,Филип Пулман,Фэнтези,1,670,0,670,670,2025-11-18,Возврат,Boxberry,Постоянный клиент
ORD056B04,56,Рожкова Алевтина Харитоновна,Анна Каренина,Лев Толстой,Классика,2,510,30,357.0,714.0,2025-11-14,Доставлен,DPD,Подарок
ORD056B01,56,Рожкова Алевтина Харитоновна,Atomic Habits,Джеймс Клир,Саморазвитие,2,620,0,620,1240,2025-08-09,Доставлен,СДЭК,Первый заказ
ORD056B02,56,Рожкова Алевтина Харитоновна,К востоку от Эдема,Джон Стейнбек,Классика,3,570,0,570,1710,2025-08-26,В доставке,СДЭК,Подарочная упаковка
ORD056B03,56,Рожкова Алевтина Харитоновна,Сила настоящего,Экхарт Толле,Саморазвитие,3,380,30,266.0,798.0,2025-01-11,Отменен,Самовывоз,Со скидочной картой
ORD057B01,57,Шестаков Федосий Чеславович,Фонд,Айзек Азимов,Научная фантастика,2,470,20,376.0,752.0,2025-09-14,В доставке,СДЭК,Постоянный клиент
ORD057B02,57,Шестаков Федосий Чеславович,Исчезнувшая,Гиллиан Флинн,Триллер,3,480,30,336.0,1008.0,2025-09-18,В доставке,СДЭК,Корпоративный заказ
ORD057B03,57,Шестаков Федосий Чеславович,Дюна,Фрэнк Герберт,Научная фантастика,3,540,15,459.0,1377.0,2025-08-28,Ожидает оплаты,СДЭК,Первый заказ
ORD057B04,57,Шестаков Федосий Чеславович,Метро 2033,Дмитрий Глуховский,Постапокалипсис,2,490,0,490,980,2025-02-05,Возврат,Boxberry,Автограф автора
ORD058B01,58,Зайцев Порфирий Эдгарович,Мастер и Маргарита,Михаил Булгаков,Классика,3,450,0,450,1350,2025-04-26,Ожидает оплаты,Самовывоз,
ORD058B01,58,Зайцев Порфирий Эдгарович,Исчезнувшая,Гиллиан Флинн,Триллер,1,480,25,360.0,360.0,2024-12-09,Ожидает оплаты,Курьерская доставка,Первый заказ
ORD058B01,58,Зайцев Порфирий Эдгарович,1984,Джордж Оруэлл,Антиутопия,2,520,10,468.0,936.0,2025-06-06,Обработан,СДЭК,Акционный товар
ORD059B01,59,Осипова Маргарита Анатольевна,Психология влияния,Роберт Чалдини,Психология,3,580,20,464.0,1392.0,2025-10-28,Обработан,Самовывоз,Срочная доставка
ORD059B02,59,Осипова Маргарита Анатольевна,Лолита,Владимир Набоков,Классика,2,430,15,365.5,731.0,2025-06-11,Отменен,DPD,
ORD059B03,59,Осипова Маргарита Анатольевна,1984,Джордж Оруэлл,Антиутопия,2,520,30,364.0,728.0,2025-09-12,Доставлен,Boxberry,Корпоративный заказ
ORD059B01,59,Осипова Маргарита Анатольевна,Метро 2033,Дмитрий Глуховский,Постапокалипсис,1,490,30,343.0,343.0,2024-12-28,Ожидает оплаты,СДЭК,Корпоративный заказ
ORD059B02,59,Осипова Маргарита Анатольевна,Война и мир,Лев Толстой,Классика,3,890,30,623.0,1869.0,2025-01-27,В доставке,Почта России,Предзаказ
ORD059B03,59,Осипова Маргарита Анатольевна,Убить пересмешника,Харпер Ли,Классика,1,440,10,396.0,396.0,2025-06-04,В доставке,Boxberry,
ORD060B01,60,Панфилов Авксентий Антонович,Цветы для Элджернона,Дэниел Киз,Научная фантастика,1,360,25,270.0,270.0,2025-06-25,Отменен,Почта России,
ORD060B02,60,Панфилов Авксентий Антонович,Алхимик,Пауло Коэльо,Роман,1,410,0,410,410,2025-10-22,Отменен,СДЭК,Первый заказ
ORD060B03,60,Панфилов Авксентий Антонович,Великий Гэтсби,Фрэнсис Скотт Фицджеральд,Классика,3,370,30,259.0,777.0,2025-05-29,Выполнен,СДЭК,Автограф автора
ORD060B04,60,Панфилов Авксентий Антонович,Убить пересмешника,Харпер Ли,Классика,3,440,10,396.0,1188.0,2024-12-29,Выполнен,Курьерская доставка,Подарочная упаковка
ORD060B01,60,Панфилов Авксентий Антонович,Atomic Habits,Джеймс Клир,Саморазвитие,2,620,15,527.0,1054.0,2025-03-13,Возврат,DPD,Срочная доставка
ORD060B02,60,Панфилов Авксентий Антонович,Психология влияния,Роберт Чалдини,Психология,3,580,15,493.0,1479.0,2024-11-30,В доставке,Самовывоз,
ORD060B01,60,Панфилов Авксентий Антонович,Властелин колец,Джон Р. Р. Толкин,Фэнтези,1,980,20,784.0,784.0,2025-02-25,Доставлен,СДЭК,
ORD060B02,60,Панфилов Авксентий Антонович,Шантарам,Грегори Дэвид Робертс,Приключения,3,750,20,600.0,1800.0,2025-06-29,Ожидает оплаты,Почта России,Постоянный клиент
ORD060B03,60,Панфилов Авксентий Антонович,Игра престолов,Джордж Р. Р. Мартин,Фэнтези,3,680,0,680,2040,2025-05-08,Возврат,DPD,Первый заказ
ORD060B04,60,Панфилов Авксентий Антонович,Метро 2033,Дмитрий Глуховский,Постапокалипсис,1,490,0,490,490,2025-06-30,Обработан,Почта России,Корпоративный заказ
ORD060B01,60,Панфилов Авксентий Антонович,Исчезнувшая,Гиллиан Флинн,Триллер,3,480,0,480,1440,2025-08-08,Обработан,Курьерская доставка,Постоянный клиент
ORD060B02,60,Панфилов Авксентий Антонович,Убить пересмешника,Харпер Ли,Классика,3,440,10,396.0,1188.0,2025-10-05,Выполнен,Курьерская доставка,Самовывоз из пункта выдачи
ORD062B01,62,Трофимова Ульяна Кирилловна,Алхимик,Пауло Коэльо,Роман,1,410,20,328.0,328.0,2025-03-22,Обработан,СДЭК,Со скидочной картой
ORD064B01,64,Емельянов Кузьма Ануфриевич,Алхимик,Пауло Коэльо,Роман,2,410,10,369.0,738.0,2025-02-25,Доставлен,СДЭК,Срочная доставка
ORD064B02,64,Емельянов Кузьма Ануфриевич,Дюна,Фрэнк Герберт,Научная фантастика,2,540,20,432.0,864.0,2025-06-29,Ожидает оплаты,СДЭК,Первый заказ
ORD064B01,64,Емельянов Кузьма Ануфриевич,Хижина,Уильям Пол Янг,Религия,2,390,15,331.5,663.0,2025-05-09,В доставке,DPD,Срочная доставка
ORD064B02,64,Емельянов Кузьма Ануфриевич,Алхимик,Пауло Коэльо,Роман,1,410,10,369.0,369.0,2025-04-29,Обработан,DPD,Корпоративный заказ
ORD066B01,66,Носков Георгий Валерианович,"Есть, молиться, любить",Элизабет Гилберт,Биография,3,420,20,336.0,1008.0,2025-08-10,Обработан,Курьерская доставка,Корпоративный заказ
ORD066B02,66,Носков Георгий Валерианович,Код да Винчи,Дэн Браун,Детектив,3,530,25,397.5,1192.5,2025-01-29,Ожидает оплаты,DPD,Бесконтактная доставка
ORD066B03,66,Носков Георгий Валерианович,Убить пересмешника,Харпер Ли,Классика,3,440,0,440,1320,2024-11-28,В доставке,СДЭК,Первый заказ
ORD066B04,66,Носков Георгий Валерианович,Цветы для Элджернона,Дэниел Киз,Научная фантастика,2,360,15,306.0,612.0,2025-11-15,Ожидает оплаты,Самовывоз,Бесконтактная доставка
ORD066B05,66,Носков Георгий Валерианович,Семь сестёр,Люсинда Райли,Роман,2,550,20,440.0,880.0,2025-06-07,Выполнен,Самовывоз,Автограф автора
ORD067B01,67,Шаров Георгий Григорьевич,Убить пересмешника,Харпер Ли,Классика,1,440,10,396.0,396.0,2025-06-02,В доставке,DPD,
ORD067B02,67,Шаров Георгий Григорьевич,Сила настоящего,Экхарт Толле,Саморазвитие,2,380,30,266.0,532.0,2025-05-29,Ожидает оплаты,СДЭК,Подарочная упаковка
ORD067B03,67,Шаров Георгий Григорьевич,Тёмные начала,Филип Пулман,Фэнтези,1,670,0,670,670,2025-08-06,Ожидает оплаты,СДЭК,
ORD067B04,67,Шаров Георгий Григорьевич,Алхимик,Пауло Коэльо,Роман,2,410,10,369.0,738.0,2025-05-15,Ожидает оплаты,Курьерская доставка,Корпоративный заказ
ORD067B01,67,Шаров Георгий Григорьевич,К востоку от Эдема,Джон Стейнбек,Классика,3,570,10,513.0,1539.0,2025-03-07,В доставке,Почта России,Со скидочной картой
ORD067B01,67,Шаров Георгий Григорьевич,Шантарам,Грегори Дэвид Робертс,Приключения,1,750,0,750,750,2024-12-27,В доставке,Почта России,Акционный товар
ORD067B02,67,Шаров Георгий Григорьевич,Сто лет одиночества,Габриэль Гарсиа Маркес,Магический реализм,1,560,20,448.0,448.0,2025-02-13,Ожидает оплаты,Почта России,Акционный товар
ORD067B03,67,Шаров Георгий Григорьевич,Великий Гэтсби,Фрэнсис Скотт Фицджеральд,Классика,2,370,0,370,740,2025-10-29,В доставке,Курьерская доставка,Бесконтактная доставка
ORD067B04,67,Шаров Георгий Григорьевич,Девушка в поезде,Пола Хокинс,Триллер,3,460,0,460,1380,2025-04-05,Ожидает оплаты,Boxberry,Подарок
ORD067B01,67,Шаров Георгий Григорьевич,Алхимик,Пауло Коэльо,Роман,2,410,20,328.0,656.0,2025-04-05,Выполнен,Boxberry,
ORD067B02,67,Шаров Георгий Григорьевич,Сто лет одиночества,Габриэль Гарсиа Маркес,Магический реализм,3,560,20,448.0,1344.0,2025-11-02,Выполнен,Курьерская доставка,Подарок
ORD067B03,67,Шаров Георгий Григорьевич,О дивный новый мир,Олдос Хаксли,Антиутопия,1,410,10,369.0,369.0,2025-01-02,Выполнен,Курьерская доставка,
ORD068B01,68,Богданова Тамара Руслановна,Atomic Habits,Джеймс Клир,Саморазвитие,1,620,20,496.0,496.0,2024-12-29,Обработан,Почта России,
ORD068B01,68,Богданова Тамара Руслановна,Исчезнувшая,Гиллиан Флинн,Триллер,1,480,20,384.0,384.0,2025-05-11,В доставке,Курьерская доставка,Бесконтактная доставка
ORD068B02,68,Богданова Тамара Руслановна,Анна Каренина,Лев Толстой,Классика,3,510,0,510,1530,2025-06-30,В доставке,Почта России,
ORD068B03,68,Богданова Тамара Руслановна,Фонд,Айзек Азимов,Научная фантастика,2,470,0,470,940,2025-07-05,Ожидает оплаты,DPD,Корпоративный заказ
ORD068B04,68,Богданова Тамара Руслановна,Лолита,Владимир Набоков,Классика,2,430,0,430,860,2025-08-26,Обработан,Почта России,Самовывоз из пункта выдачи
ORD068B05,68,Богданова Тамара Руслановна,451° по Фаренгейту,Рэй Брэдбери,Антиутопия,3,400,20,320.0,960.0,2025-06-28,Отменен,Самовывоз,
ORD068B01,68,Богданова Тамара Руслановна,Фонд,Айзек Азимов,Научная фантастика,2,470,30,329.0,658.0,2025-08-04,Обработан,СДЭК,Подарочная упаковка
ORD068B01,68,Богданова Тамара Руслановна,Три товарища,Эрих Мария Ремарк,Классика,2,480,0,480,960,2025-06-12,Доставлен,Почта России,Акционный товар
ORD069B01,69,Агафонова Агафья Владиславовна,Психология влияния,Роберт Чалдини,Психология,3,580,0,580,1740,2025-06-08,Выполнен,Boxberry,Автограф автора
ORD069B02,69,Агафонова Агафья Владиславовна,Маленький принц,Антуан де Сент-Экзюпери,Философия,2,320,10,288.0,576.0,2025-02-18,Выполнен,Самовывоз,Срочная доставка
ORD069B03,69,Агафонова Агафья Владиславовна,Сто лет одиночества,Габриэль Гарсиа Маркес,Магический реализм,1,560,30,392.0,392.0,2025-01-10,Отменен,Курьерская доставка,
ORD069B04,69,Агафонова Агафья Владиславовна,Над пропастью во ржи,Джером Д. Сэлинджер,Роман,2,350,0,350,700,2025-01-12,Отменен,Самовывоз,Предзаказ
ORD069B05,69,Агафонова Агафья Владиславовна,Алхимик,Пауло Коэльо,Роман,1,410,0,410,410,2025-02-27,В доставке,Курьерская доставка,Автограф автора
ORD069B01,69,Агафонова Агафья Владиславовна,Тёмные начала,Филип Пулман,Фэнтези,2,670,20,536.0,1072.0,2025-10-13,Обработан,Курьерская доставка,
ORD069B02,69,Агафонова Агафья Владиславовна,Маленький принц,Антуан де Сент-Экзюпери,Философия,1,320,20,256.0,256.0,2024-12-08,Ожидает оплаты,DPD,Первый заказ
ORD069B03,69,Агафонова Агафья Владиславовна,Шантарам,Грегори Дэвид Робертс,Приключения,3,750,10,675.0,2025.0,2025-08-22,В доставке,Boxberry,Корпоративный заказ
ORD069B04,69,Агафонова Агафья Владиславовна,Хижина,Уильям Пол Янг,Религия,1,390,0,390,390,2024-12-22,Отменен,Boxberry,Корпоративный заказ
ORD069B05,69,Агафонова Агафья Владиславовна,Лолита,Владимир Набоков,Классика,3,430,30,301.0,903.0,2024-12-03,Возврат,Почта России,Корпоративный заказ
ORD069B01,69,Агафонова Агафья Владиславовна,Преступление и наказание,Фёдор Достоевский,Классика,3,380,20,304.0,912.0,2024-11-30,Возврат,СДЭК,Подарочная упаковка
ORD069B02,69,Агафонова Агафья Владиславовна,Сила настоящего,Экхарт Толле,Саморазвитие,1,380,30,266.0,266.0,2025-06-18,В доставке,Почта России,Постоянный клиент
ORD070B01,70,Дроздова Татьяна Ильинична,Семь сестёр,Люсинда Райли,Роман,1,550,25,412.5,412.5,2025-01-12,Ожидает оплаты,СДЭК,
ORD070B01,70,Дроздова Татьяна Ильинична,1984,Джордж Оруэлл,Антиутопия,2,520,0,520,1040,2025-09-10,Ожидает оплаты,DPD,Со скидочной картой
ORD070B02,70,Дроздова Татьяна Ильинична,Шантарам,Грегори Дэвид Робертс,Приключения,3,750,10,675.0,2025.0,2025-03-05,Выполнен,СДЭК,Предзаказ
ORD070B03,70,Дроздова Татьяна Ильинична,Анна Каренина,Лев Толстой,Классика,1,510,0,510,510,2025-01-27,Обработан,DPD,Акционный товар
ORD070B04,70,Дроздова Татьяна Ильинична,Фонд,Айзек Азимов,Научная фантастика,3,470,25,352.5,1057.5,2024-12-28,Выполнен,DPD,Срочная доставка
ORD070B05,70,Дроздова Татьяна Ильинична,Сила настоящего,Экхарт Толле,Саморазвитие,1,380,0,380,380,2025-10-08,Возврат,Курьерская доставка,
ORD070B01,70,Дроздова Татьяна Ильинична,"Богатый папа, бедный папа",Роберт Кийосаки,Финансы,2,510,25,382.5,765.0,2025-11-08,Доставлен,СДЭК,
ORD070B02,70,Дроздова Татьяна Ильинична,Властелин колец,Джон Р. Р. Толкин,Фэнтези,1,980,15,833.0,833.0,2025-08-15,Возврат,Самовывоз,Первый заказ
ORD070B03,70,Дроздова Татьяна Ильинична,Над пропастью во ржи,Джером Д. Сэлинджер,Роман,1,350,15,297.5,297.5,2025-09-18,Доставлен,DPD,Срочная доставка
ORD070B04,70,Дроздова Татьяна Ильинична,"Есть, молиться, любить",Элизабет Гилберт,Биография,3,420,20,336.0,1008.0,2025-11-10,Возврат,DPD,Автограф автора
ORD071B01,71,Костин Серафим Устинович,Шантарам,Грегори Дэвид Робертс,Приключения,1,750,15,637.5,637.5,2025-08-25,Ожидает оплаты,Почта России,Первый заказ
ORD071B02,71,Костин Серафим Устинович,Atomic Habits,Джеймс Клир,Саморазвитие,3,620,15,527.0,1581.0,2025-10-01,Доставлен,Самовывоз,Подарочная упаковка
ORD071B03,71,Костин Серафим Устинович,Над пропастью во ржи,Джером Д. Сэлинджер,Роман,1,350,0,350,350,2025-08-27,Доставлен,DPD,Первый заказ
ORD071B04,71,Костин Серафим Устинович,"Есть, молиться, любить",Элизабет Гилберт,Биография,3,420,0,420,1260,2025-05-05,Отменен,Почта России,
ORD071B05,71,Костин Серафим Устинович,Цветы для Элджернона,Дэниел Киз,Научная фантастика,2,360,30,252.0,504.0,2025-07-29,Отменен,DPD,Корпоративный заказ
ORD072B01,72,Логинов Фортунат Жоресович,Алхимик,Пауло Коэльо,Роман,2,410,10,369.0,738.0,2025-02-26,Обработан,Boxberry,
ORD072B02,72,Логинов Фортунат Жоресович,О дивный новый мир,Олдос Хаксли,Антиутопия,1,410,0,410,410,2025-07-04,Отменен,Boxberry,Срочная доставка
ORD072B03,72,Логинов Фортунат Жоресович,Портрет Дориана Грея,Оскар Уайльд,Классика,3,390,15,331.5,994.5,2025-09-06,Возврат,Почта России,
ORD072B04,72,Логинов Фортунат Жоресович,1984,Джордж Оруэлл,Антиутопия,1,520,0,520,520,2025-09-20,Отменен,DPD,Самовывоз из пункта выдачи
ORD073B01,73,Тарасова Пелагея Георгиевна,Сила настоящего,Экхарт Толле,Саморазвитие,1,380,10,342.0,342.0,2025-04-29,Выполнен,Курьерская доставка,Акционный товар
ORD073B02,73,Тарасова Пелагея Георгиевна,Исчезнувшая,Гиллиан Флинн,Триллер,2,480,0,480,960,2025-03-07,Ожидает оплаты,Курьерская доставка,
ORD073B03,73,Тарасова Пелагея Георгиевна,Портрет Дориана Грея,Оскар Уайльд,Классика,2,390,0,390,780,2025-10-20,Доставлен,DPD,Самовывоз из пункта выдачи
ORD073B01,73,Тарасова Пелагея Георгиевна,Исчезнувшая,Гиллиан Флинн,Триллер,2,480,10,432.0,864.0,2025-09-25,В доставке,Самовывоз,
ORD074B01,74,Попова Ульяна Феликсовна,Тёмные начала,Филип Пулман,Фэнтези,1,670,30,469.0,469.0,2025-08-11,Отменен,Самовывоз,Предзаказ
ORD074B02,74,Попова Ульяна Феликсовна,Код да Винчи,Дэн Браун,Детектив,2,530,15,450.5,901.0,2025-11-05,Доставлен,Почта России,Срочная доставка
ORD074B03,74,Попова Ульяна Феликсовна,Над пропастью во ржи,Джером Д. Сэлинджер,Роман,3,350,0,350,1050,2025-07-14,В доставке,Boxberry,Бесконтактная доставка
ORD074B04,74,Попова Ульяна Феликсовна,Дюна,Фрэнк Герберт,Научная фантастика,1,540,0,540,540,2025-05-03,Обработан,DPD,Постоянный клиент
ORD074B05,74,Попова Ульяна Феликсовна,Алхимик,Пауло Коэльо,Роман,2,410,20,328.0,656.0,2025-10-10,Обработан,Курьерская доставка,Постоянный клиент
ORD074B01,74,Попова Ульяна Феликсовна,Код да Винчи,Дэн Браун,Детектив,3,530,20,424.0,1272.0,2025-03-23,Доставлен,СДЭК,
ORD074B02,74,Попова Ульяна Феликсовна,"Есть, молиться, любить",Элизабет Гилберт,Биография,3,420,20,336.0,1008.0,2025-05-18,В доставке,Самовывоз,Первый заказ
ORD074B01,74,Попова Ульяна Феликсовна,451° по Фаренгейту,Рэй Брэдбери,Антиутопия,1,400,0,400,400,2025-09-02,Обработан,Самовывоз,Корпоративный заказ
ORD074B02,74,Попова Ульяна Феликсовна,Семь сестёр,Люсинда Райли,Роман,2,550,25,412.5,825.0,2025-11-22,Доставлен,DPD,Самовывоз из пункта выдачи
ORD074B03,74,Попова Ульяна Феликсовна,Хижина,Уильям Пол Янг,Религия,1,390,15,331.5,331.5,2024-11-26,Доставлен,Почта России,Акционный товар
ORD074B04,74,Попова Ульяна Феликсовна,Убить пересмешника,Харпер Ли,Классика,2,440,25,330.0,660.0,2024-12-26,Отменен,Курьерская доставка,Срочная доставка
ORD074B05,74,Попова Ульяна Феликсовна,Атлант расправил плечи,Айн Рэнд,Философия,3,1200,0,1200,3600,2025-08-29,В доставке,Самовывоз,Акционный товар
ORD075B01,75,Захарова Зоя Степановна,Дюна,Фрэнк Герберт,Научная фантастика,2,540,25,405.0,810.0,2025-09-27,Отменен,СДЭК,Первый заказ
ORD075B02,75,Захарова Зоя Степановна,Война и мир,Лев Толстой,Классика,1,890,15,756.5,756.5,2024-11-27,Выполнен,Почта России,Автограф автора
ORD075B03,75,Захарова Зоя Степановна,Братья Карамазовы,Фёдор Достоевский,Классика,3,620,20,496.0,1488.0,2024-11-29,Выполнен,Boxberry,Акционный товар
ORD076B01,76,Чернова Лариса Петровна,Властелин колец,Джон Р. Р. Толкин,Фэнтези,2,980,0,980,1960,2024-12-26,Отменен,Boxberry,
ORD076B02,76,Чернова Лариса Петровна,Маленький принц,Антуан де Сент-Экзюпери,Философия,3,320,0,320,960,2025-08-19,Возврат,Самовывоз,Бесконтактная доставка
ORD077B01,77,Беляков Викторин Власович,Код да Винчи,Дэн Браун,Детектив,2,530,30,371.0,742.0,2025-10-20,Отменен,Boxberry,Автограф автора
ORD077B02,77,Беляков Викторин Власович,Мастер и Маргарита,Михаил Булгаков,Классика,3,450,20,360.0,1080.0,2024-12-31,Доставлен,СДЭК,Срочная доставка
ORD077B03,77,Беляков Викторин Власович,"Богатый папа, бедный папа",Роберт Кийосаки,Финансы,2,510,10,459.0,918.0,2025-07-17,Выполнен,СДЭК,Самовывоз из пункта выдачи
ORD077B04,77,Беляков Викторин Власович,451° по Фаренгейту,Рэй Брэдбери,Антиутопия,2,400,10,360.0,720.0,2025-04-21,Обработан,Самовывоз,Акционный товар
ORD077B05,77,Беляков Викторин Власович,Убить пересмешника,Харпер Ли,Классика,1,440,10,396.0,396.0,2025-11-18,Обработан,Boxberry,Самовывоз из пункта выдачи
ORD077B01,77,Беляков Викторин Власович,Лолита,Владимир Набоков,Классика,2,430,0,430,860,2025-06-05,В доставке,DPD,
ORD077B02,77,Беляков Викторин Власович,"Есть, молиться, любить",Элизабет Гилберт,Биография,1,420,20,336.0,336.0,2025-08-09,Возврат,Самовывоз,Самовывоз из пункта выдачи
ORD077B03,77,Беляков Викторин Власович,Семь сестёр,Люсинда Райли,Роман,1,550,10,495.0,495.0,2025-01-03,В доставке,Boxberry,Предзаказ
ORD077B01,77,Беляков Викторин Власович,Война и мир,Лев Толстой,Классика,2,890,20,712.0,1424.0,2025-09-18,Обработан,Boxberry,Корпоративный заказ
ORD077B02,77,Беляков Викторин Власович,Великий Гэтсби,Фрэнсис Скотт Фицджеральд,Классика,2,370,0,370,740,2025-07-18,В доставке,Boxberry,Бесконтактная доставка
ORD077B03,77,Беляков Викторин Власович,Дюна,Фрэнк Герберт,Научная фантастика,1,540,20,432.0,432.0,2025-08-26,Выполнен,Курьерская доставка,Первый заказ
ORD077B04,77,Беляков Викторин Власович,Сто лет одиночества,Габриэль Гарсиа Маркес,Магический реализм,1,560,20,448.0,448.0,2025-09-25,Ожидает оплаты,Boxberry,Акционный товар
ORD077B05,77,Беляков Викторин Власович,Думай и богатей,Наполеон Хилл,Саморазвитие,3,350,0,350,1050,2025-01-20,Возврат,Почта России,Акционный товар
ORD078B01,78,Кириллов Милен Владленович,Дюна,Фрэнк Герберт,Научная фантастика,3,540,0,540,1620,2025-05-05,Выполнен,Boxberry,Корпоративный заказ
ORD078B02,78,Кириллов Милен Владленович,Война и мир,Лев Толстой,Классика,2,890,20,712.0,1424.0,2025-05-23,Обработан,Boxberry,Бесконтактная доставка
ORD078B01,78,Кириллов Милен Владленович,Преступление и наказание,Фёдор Достоевский,Классика,3,380,15,323.0,969.0,2025-03-21,Выполнен,СДЭК,Самовывоз из пункта выдачи
ORD080B01,80,Кузьмина Татьяна Оскаровна,О дивный новый мир,Олдос Хаксли,Антиутопия,2,410,0,410,820,2025-01-04,Ожидает оплаты,Почта России,Подарочная упаковка
ORD080B02,80,Кузьмина Татьяна Оскаровна,Алхимик,Пауло Коэльо,Роман,2,410,0,410,820,2025-04-14,Отменен,Самовывоз,Корпоративный заказ
ORD081B01,81,Калашникова Кира Георгиевна,Дюна,Фрэнк Герберт,Научная фантастика,2,540,25,405.0,810.0,2025-11-02,Ожидает оплаты,Самовывоз,
ORD081B02,81,Калашникова Кира Георгиевна,Цветы для Элджернона,Дэниел Киз,Научная фантастика,2,360,15,306.0,612.0,2025-02-12,Отменен,DPD,Предзаказ
ORD081B01,81,Калашникова Кира Георгиевна,Анна Каренина,Лев Толстой,Классика,2,510,0,510,1020,2025-08-04,В доставке,DPD,Самовывоз из пункта выдачи
ORD081B02,81,Калашникова Кира Георгиевна,Алхимик,Пауло Коэльо,Роман,1,410,10,369.0,369.0,2025-10-01,Доставлен,СДЭК,Постоянный клиент
ORD081B03,81,Калашникова Кира Георгиевна,Гарри Поттер и философский камень,Джоан Роулинг,Фэнтези,3,590,0,590,1770,2025-11-18,Отменен,Boxberry,Подарочная упаковка
ORD081B04,81,Калашникова Кира Георгиевна,Преступление и наказание,Фёдор Достоевский,Классика,1,380,15,323.0,323.0,2025-05-26,В доставке,Курьерская доставка,Подарочная упаковка
ORD081B05,81,Калашникова Кира Георгиевна,Шантарам,Грегори Дэвид Робертс,Приключения,3,750,0,750,2250,2025-03-24,Ожидает оплаты,Курьерская доставка,Корпоративный заказ
ORD082B01,82,Назаров Азарий Валерьянович,Война и мир,Лев Толстой,Классика,3,890,0,890,2670,2025-07-27,Доставлен,DPD,Акционный товар
ORD082B02,82,Назаров Азарий Валерьянович,Шантарам,Грегори Дэвид Робертс,Приключения,2,750,0,750,1500,2025-07-15,Ожидает оплаты,Boxberry,Бесконтактная доставка
ORD083B01,83,Исаков Алексей Теймуразович,Убить пересмешника,Харпер Ли,Классика,3,440,0,440,1320,2025-06-08,Обработан,Boxberry,Самовывоз из пункта выдачи
ORD084B01,84,Фомичева Евфросиния Тимуровна,1984,Джордж Оруэлл,Антиутопия,1,520,20,416.0,416.0,2025-03-12,Отменен,DPD,
ORD084B02,84,Фомичева Евфросиния Тимуровна,Война и мир,Лев Толстой,Классика,3,890,0,890,2670,2025-09-22,Обработан,Boxberry,Срочная доставка
ORD084B03,84,Фомичева Евфросиния Тимуровна,Братья Карамазовы,Фёдор Достоевский,Классика,2,620,0,620,1240,2025-03-28,В доставке,Boxberry,Подарочная упаковка
ORD084B04,84,Фомичева Евфросиния Тимуровна,Гарри Поттер и философский камень,Джоан Роулинг,Фэнтези,2,590,30,413.0,826.0,2025-08-18,Выполнен,Boxberry,
ORD084B01,84,Фомичева Евфросиния Тимуровна,Дюна,Фрэнк Герберт,Научная фантастика,3,540,20,432.0,1296.0,2025-09-18,Выполнен,Самовывоз,Подарочная упаковка
ORD084B02,84,Фомичева Евфросиния Тимуровна,Властелин колец,Джон Р. Р. Толкин,Фэнтези,1,980,25,735.0,735.0,2025-09-06,Доставлен,Самовывоз,Акционный товар
ORD084B03,84,Фомичева Евфросиния Тимуровна,Три товарища,Эрих Мария Ремарк,Классика,1,480,30,336.0,336.0,2025-01-04,Отменен,СДЭК,
ORD084B04,84,Фомичева Евфросиния Тимуровна,К востоку от Эдема,Джон Стейнбек,Классика,3,570,30,399.0,1197.0,2025-05-10,Обработан,Boxberry,Корпоративный заказ
ORD085B01,85,Попов Никифор Ефстафьевич,Семь сестёр,Люсинда Райли,Роман,1,550,0,550,550,2025-05-19,Выполнен,DPD,Подарок
ORD085B01,85,Попов Никифор Ефстафьевич,Над пропастью во ржи,Джером Д. Сэлинджер,Роман,2,350,0,350,700,2024-12-28,Выполнен,Курьерская доставка,Первый заказ
ORD085B02,85,Попов Никифор Ефстафьевич,Три товарища,Эрих Мария Ремарк,Классика,1,480,30,336.0,336.0,2025-04-09,Отменен,Boxberry,
ORD085B01,85,Попов Никифор Ефстафьевич,Мастер и Маргарита,Михаил Булгаков,Классика,1,450,15,382.5,382.5,2025-06-10,Ожидает оплаты,СДЭК,Бесконтактная доставка
ORD085B02,85,Попов Никифор Ефстафьевич,Портрет Дориана Грея,Оскар Уайльд,Классика,3,390,15,331.5,994.5,2025-09-12,Выполнен,Курьерская доставка,Со скидочной картой
ORD085B03,85,Попов Никифор Ефстафьевич,Над пропастью во ржи,Джером Д. Сэлинджер,Роман,2,350,30,245.0,490.0,2025-09-04,Ожидает оплаты,Самовывоз,
ORD085B04,85,Попов Никифор Ефстафьевич,Атлант расправил плечи,Айн Рэнд,Философия,2,1200,10,1080.0,2160.0,2025-05-04,Выполнен,DPD,Самовывоз из пункта выдачи
ORD085B05,85,Попов Никифор Ефстафьевич,Метро 2033,Дмитрий Глуховский,Постапокалипсис,1,490,0,490,490,2025-08-28,Возврат,DPD,
ORD085B01,85,Попов Никифор Ефстафьевич,"Есть, молиться, любить",Элизабет Гилберт,Биография,1,420,15,357.0,357.0,2025-05-08,Обработан,Почта России,Корпоративный заказ
ORD085B02,85,Попов Никифор Ефстафьевич,Хижина,Уильям Пол Янг,Религия,2,390,0,390,780,2025-05-27,В доставке,Самовывоз,Бесконтактная доставка
ORD087B01,87,Михеева Эмилия Тимофеевна,1984,Джордж Оруэлл,Антиутопия,3,520,20,416.0,1248.0,2025-02-07,Обработан,Почта России,Предзаказ
ORD087B02,87,Михеева Эмилия Тимофеевна,Портрет Дориана Грея,Оскар Уайльд,Классика,1,390,0,390,390,2025-03-04,Выполнен,Самовывоз,Самовывоз из пункта выдачи
ORD087B03,87,Михеева Эмилия Тимофеевна,Властелин колец,Джон Р. Р. Толкин,Фэнтези,1,980,20,784.0,784.0,2025-09-27,Доставлен,Самовывоз,Предзаказ
ORD087B04,87,Михеева Эмилия Тимофеевна,Думай и богатей,Наполеон Хилл,Саморазвитие,2,350,15,297.5,595.0,2025-04-11,В доставке,DPD,Самовывоз из пункта выдачи
ORD087B01,87,Михеева Эмилия Тимофеевна,Atomic Habits,Джеймс Клир,Саморазвитие,3,620,30,434.0,1302.0,2025-04-07,Возврат,Курьерская доставка,Со скидочной картой
ORD087B01,87,Михеева Эмилия Тимофеевна,Анна Каренина,Лев Толстой,Классика,1,510,0,510,510,2025-10-01,Доставлен,DPD,Предзаказ
ORD087B01,87,Михеева Эмилия Тимофеевна,1984,Джордж Оруэлл,Антиутопия,2,520,0,520,1040,2025-09-14,Возврат,Курьерская доставка,
ORD087B02,87,Михеева Эмилия Тимофеевна,Портрет Дориана Грея,Оскар Уайльд,Классика,1,390,0,390,390,2025-10-06,Отменен,Курьерская доставка,Акционный товар
ORD087B03,87,Михеева Эмилия Тимофеевна,Мастер и Маргарита,Михаил Булгаков,Классика,3,450,20,360.0,1080.0,2025-01-31,Ожидает оплаты,Почта России,
ORD087B04,87,Михеева Эмилия Тимофеевна,Игра престолов,Джордж Р. Р. Мартин,Фэнтези,3,680,0,680,2040,2025-01-30,Возврат,Boxberry,
ORD088B01,88,Семенов Симон Харлампьевич,Великий Гэтсби,Фрэнсис Скотт Фицджеральд,Классика,3,370,20,296.0,888.0,2025-01-29,Обработан,Курьерская доставка,
ORD089B01,89,Игнатьев Карп Гавриилович,Шантарам,Грегори Дэвид Робертс,Приключения,2,750,30,525.0,1050.0,2025-03-28,Возврат,DPD,
ORD089B02,89,Игнатьев Карп Гавриилович,Думай и богатей,Наполеон Хилл,Саморазвитие,2,350,25,262.5,525.0,2025-01-25,Обработан,Почта России,Корпоративный заказ
ORD089B03,89,Игнатьев Карп Гавриилович,Лолита,Владимир Набоков,Классика,3,430,0,430,1290,2025-09-22,Выполнен,Boxberry,Акционный товар
ORD089B04,89,Игнатьев Карп Гавриилович,Девушка в поезде,Пола Хокинс,Триллер,2,460,0,460,920,2025-01-07,В доставке,DPD,Бесконтактная доставка
ORD089B01,89,Игнатьев Карп Гавриилович,К востоку от Эдема,Джон Стейнбек,Классика,2,570,0,570,1140,2025-04-19,Выполнен,Почта России,Первый заказ
ORD089B02,89,Игнатьев Карп Гавриилович,Алхимик,Пауло Коэльо,Роман,1,410,0,410,410,2025-07-17,Отменен,Почта России,Самовывоз из пункта выдачи
ORD089B03,89,Игнатьев Карп Гавриилович,Преступление и наказание,Фёдор Достоевский,Классика,3,380,0,380,1140,2025-05-17,В доставке,Почта России,Акционный товар
ORD089B01,89,Игнатьев Карп Гавриилович,Метро 2033,Дмитрий Глуховский,Постапокалипсис,3,490,0,490,1470,2025-07-06,Доставлен,СДЭК,Автограф автора
ORD089B02,89,Игнатьев Карп Гавриилович,Сто лет одиночества,Габриэль Гарсиа Маркес,Магический реализм,1,560,30,392.0,392.0,2025-05-24,Возврат,Почта России,Подарочная упаковка
ORD089B03,89,Игнатьев Карп Гавриилович,Лолита,Владимир Набоков,Классика,2,430,15,365.5,731.0,2025-06-12,Ожидает оплаты,DPD,Постоянный клиент
ORD089B04,89,Игнатьев Карп Гавриилович,Исчезнувшая,Гиллиан Флинн,Триллер,2,480,0,480,960,2024-11-29,В доставке,Почта России,Самовывоз из пункта выдачи
ORD089B01,89,Игнатьев Карп Гавриилович,Братья Карамазовы,Фёдор Достоевский,Классика,1,620,20,496.0,496.0,2025-09-20,Доставлен,СДЭК,Предзаказ
ORD089B02,89,Игнатьев Карп Гавриилович,Война и мир,Лев Толстой,Классика,3,890,0,890,2670,2024-11-26,Доставлен,Boxberry,
ORD089B03,89,Игнатьев Карп Гавриилович,Портрет Дориана Грея,Оскар Уайльд,Классика,3,390,25,292.5,877.5,2025-03-07,В доставке,Boxberry,Срочная доставка
ORD089B04,89,Игнатьев Карп Гавриилович,К востоку от Эдема,Джон Стейнбек,Классика,2,570,0,570,1140,2025-10-20,Возврат,Boxberry,
ORD090B01,90,Тетерина Пелагея Борисовна,Анна Каренина,Лев Толстой,Классика,3,510,30,357.0,1071.0,2025-06-06,Доставлен,Курьерская доставка,Первый заказ
ORD090B02,90,Тетерина Пелагея Борисовна,Семь сестёр,Люсинда Райли,Роман,2,550,0,550,1100,2025-11-19,Ожидает оплаты,Почта России,Акционный товар
ORD090B01,90,Тетерина Пелагея Борисовна,Девушка в поезде,Пола Хокинс,Триллер,2,460,20,368.0,736.0,2025-09-10,Ожидает оплаты,СДЭК,Подарочная упаковка
ORD090B02,90,Тетерина Пелагея Борисовна,О дивный новый мир,Олдос Хаксли,Антиутопия,2,410,0,410,820,2025-04-12,Ожидает оплаты,Boxberry,
ORD090B01,90,Тетерина Пелагея Борисовна,Братья Карамазовы,Фёдор Достоевский,Классика,3,620,0,620,1860,2025-07-09,Выполнен,DPD,
ORD090B02,90,Тетерина Пелагея Борисовна,Преступление и наказание,Фёдор Достоевский,Классика,2,380,0,380,760,2025-03-14,Возврат,Самовывоз,Со скидочной картой
ORD090B03,90,Тетерина Пелагея Борисовна,Цветы для Элджернона,Дэниел Киз,Научная фантастика,2,360,20,288.0,576.0,2025-03-04,Доставлен,Boxberry,Срочная доставка
ORD090B04,90,Тетерина Пелагея Борисовна,Фонд,Айзек Азимов,Научная фантастика,2,470,30,329.0,658.0,2025-03-09,Обработан,Самовывоз,Постоянный клиент
ORD090B05,90,Тетерина Пелагея Борисовна,К востоку от Эдема,Джон Стейнбек,Классика,1,570,0,570,570,2024-12-20,Обработан,СДЭК,Корпоративный заказ
ORD091B01,91,Зиновьев Григорий Аксёнович,451° по Фаренгейту,Рэй Брэдбери,Антиутопия,3,400,0,400,1200,2025-08-08,Доставлен,Почта России,Автограф автора
ORD091B02,91,Зиновьев Григорий Аксёнович,Мастер и Маргарита,Михаил Булгаков,Классика,1,450,25,337.5,337.5,2025-04-07,Возврат,СДЭК,
ORD091B03,91,Зиновьев Григорий Аксёнович,Тёмные начала,Филип Пулман,Фэнтези,2,670,10,603.0,1206.0,2025-10-14,Доставлен,Курьерская доставка,Подарок
ORD092B01,92,Белозерова Иванна Евгеньевна,Преступление и наказание,Фёдор Достоевский,Классика,3,380,15,323.0,969.0,2025-11-06,Выполнен,СДЭК,Срочная доставка
ORD092B02,92,Белозерова Иванна Евгеньевна,Семь сестёр,Люсинда Райли,Роман,2,550,30,385.0,770.0,2025-09-13,Возврат,СДЭК,Автограф автора
ORD092B03,92,Белозерова Иванна Евгеньевна,Гарри Поттер и философский камень,Джоан Роулинг,Фэнтези,3,590,0,590,1770,2025-06-02,В доставке,Boxberry,Срочная доставка
ORD092B04,92,Белозерова Иванна Евгеньевна,Исчезнувшая,Гиллиан Флинн,Триллер,1,480,25,360.0,360.0,2025-05-31,Возврат,Курьерская доставка,Со скидочной картой
ORD093B01,93,Зиновьева Наина Федоровна,Метро 2033,Дмитрий Глуховский,Постапокалипсис,1,490,0,490,490,2025-10-28,Отменен,Boxberry,Первый заказ
ORD093B02,93,Зиновьева Наина Федоровна,451° по Фаренгейту,Рэй Брэдбери,Антиутопия,2,400,0,400,800,2024-12-16,Выполнен,Самовывоз,Самовывоз из пункта выдачи
ORD093B03,93,Зиновьева Наина Федоровна,Фонд,Айзек Азимов,Научная фантастика,2,470,30,329.0,658.0,2025-05-07,Ожидает оплаты,Самовывоз,Со скидочной картой
ORD094B01,94,Логинова Кира Макаровна,Цветы для Элджернона,Дэниел Киз,Научная фантастика,2,360,30,252.0,504.0,2025-11-08,Отменен,DPD,Бесконтактная доставка
ORD094B02,94,Логинова Кира Макаровна,Метро 2033,Дмитрий Глуховский,Постапокалипсис,1,490,10,441.0,441.0,2024-12-30,В доставке,СДЭК,Корпоративный заказ
ORD094B03,94,Логинова Кира Макаровна,451° по Фаренгейту,Рэй Брэдбери,Антиутопия,3,400,10,360.0,1080.0,2025-10-29,Возврат,Курьерская доставка,
ORD094B04,94,Логинова Кира Макаровна,Исчезнувшая,Гиллиан Флинн,Триллер,3,480,20,384.0,1152.0,2025-03-15,В доставке,DPD,
ORD096B01,96,Тетерин Изот Владленович,Семь сестёр,Люсинда Райли,Роман,2,550,25,412.5,825.0,2025-04-19,Доставлен,СДЭК,Постоянный клиент
ORD096B02,96,Тетерин Изот Владленович,Метро 2033,Дмитрий Глуховский,Постапокалипсис,1,490,30,343.0,343.0,2024-12-18,Отменен,Boxberry,Самовывоз из пункта выдачи
ORD096B03,96,Тетерин Изот Владленович,Дюна,Фрэнк Герберт,Научная фантастика,3,540,0,540,1620,2025-11-08,Отменен,Курьерская доставка,Подарочная упаковка
ORD096B04,96,Тетерин Изот Владленович,Великий Гэтсби,Фрэнсис Скотт Фицджеральд,Классика,1,370,0,370,370,2025-03-07,Отменен,Почта России,Со скидочной картой
ORD096B01,96,Тетерин Изот Владленович,К востоку от Эдема,Джон Стейнбек,Классика,1,570,0,570,570,2025-05-24,Выполнен,Boxberry,Предзаказ
ORD096B02,96,Тетерин Изот Владленович,Лолита,Владимир Набоков,Классика,2,430,20,344.0,688.0,2025-08-07,Отменен,СДЭК,Срочная доставка
ORD096B03,96,Тетерин Изот Владленович,Война и мир,Лев Толстой,Классика,3,890,0,890,2670,2025-01-15,Ожидает оплаты,Boxberry,
ORD096B04,96,Тетерин Изот Владленович,Семь сестёр,Люсинда Райли,Роман,2,550,25,412.5,825.0,2024-12-09,Обработан,Boxberry,Корпоративный заказ
ORD097B01,97,Стрелкова Глафира Вадимовна,Убить пересмешника,Харпер Ли,Классика,1,440,0,440,440,2025-10-27,Обработан,DPD,Со скидочной картой
ORD097B02,97,Стрелкова Глафира Вадимовна,Великий Гэтсби,Фрэнсис Скотт Фицджеральд,Классика,2,370,20,296.0,592.0,2025-03-15,Ожидает оплаты,Boxberry,Подарок
ORD097B03,97,Стрелкова Глафира Вадимовна,Дюна,Фрэнк Герберт,Научная фантастика,1,540,0,540,540,2025-07-11,Обработан,DPD,Самовывоз из пункта выдачи
ORD097B04,97,Стрелкова Глафира Вадимовна,451° по Фаренгейту,Рэй Брэдбери,Антиутопия,2,400,15,340.0,680.0,2025-03-12,Ожидает оплаты,Boxberry,Подарок
ORD097B05,97,Стрелкова Глафира Вадимовна,Метро 2033,Дмитрий Глуховский,Постапокалипсис,1,490,15,416.5,416.5,2025-10-14,Доставлен,Почта России,Акционный товар
ORD097B01,97,Стрелкова Глафира Вадимовна,Властелин колец,Джон Р. Р. Толкин,Фэнтези,1,980,0,980,980,2025-05-31,Ожидает оплаты,DPD,Подарок
ORD097B02,97,Стрелкова Глафира Вадимовна,Цветы для Элджернона,Дэниел Киз,Научная фантастика,3,360,25,270.0,810.0,2025-08-06,Обработан,Курьерская доставка,
ORD097B03,97,Стрелкова Глафира Вадимовна,Великий Гэтсби,Фрэнсис Скотт Фицджеральд,Классика,2,370,0,370,740,2025-06-08,Отменен,DPD,Подарок
ORD097B04,97,Стрелкова Глафира Вадимовна,Алхимик,Пауло Коэльо,Роман,2,410,0,410,820,2025-04-10,Отменен,Boxberry,Корпоративный заказ
ORD097B01,97,Стрелкова Глафира Вадимовна,Атлант расправил плечи,Айн Рэнд,Философия,2,1200,20,960.0,1920.0,2025-03-27,В доставке,DPD,Первый заказ
ORD097B02,97,Стрелкова Глафира Вадимовна,Психология влияния,Роберт Чалдини,Психология,1,580,0,580,580,2025-06-30,В доставке,Почта России,
ORD097B03,97,Стрелкова Глафира Вадимовна,Над пропастью во ржи,Джером Д. Сэлинджер,Роман,1,350,0,350,350,2025-02-27,В доставке,DPD,
ORD097B01,97,Стрелкова Глафира Вадимовна,Властелин колец,Джон Р. Р. Толкин,Фэнтези,3,980,0,980,2940,2025-08-29,Ожидает оплаты,DPD,
ORD099B01,99,Селезнев Ефрем Харлампович,Atomic Habits,Джеймс Клир,Саморазвитие,3,620,0,620,1860,2025-03-19,Доставлен,СДЭК,Бесконтактная доставка
ORD099B02,99,Селезнев Ефрем Харлампович,Сто лет одиночества,Габриэль Гарсиа Маркес,Магический реализм,2,560,0,560,1120,2024-12-07,Выполнен,Boxberry,Подарочная упаковка
ORD099B03,99,Селезнев Ефрем Харлампович,Портрет Дориана Грея,Оскар Уайльд,Классика,3,390,0,390,1170,2025-07-07,В доставке,Boxberry,Бесконтактная доставка
ORD099B04,99,Селезнев Ефрем Харлампович,"Есть, молиться, любить",Элизабет Гилберт,Биография,2,420,25,315.0,630.0,2025-02-11,Возврат,Boxberry,Корпоративный заказ
ORD100B01,100,Федорова Дарья Рудольфовна,Властелин колец,Джон Р. Р. Толкин,Фэнтези,1,980,15,833.0,833.0,2025-07-04,Доставлен,Почта России,Подарок
ORD100B01,100,Федорова Дарья Рудольфовна,Три товарища,Эрих Мария Ремарк,Классика,1,480,30,336.0,336.0,2025-03-11,Доставлен,Курьерская доставка,Самовывоз из пункта выдачи
ORD100B02,100,Федорова Дарья Рудольфовна,Властелин колец,Джон Р. Р. Толкин,Фэнтези,2,980,25,735.0,1470.0,2025-03-01,Обработан,Boxberry,Акционный товар
ORD100B03,100,Федорова Дарья Рудольфовна,Думай и богатей,Наполеон Хилл,Саморазвитие,3,350,0,350,1050,2025-02-17,Возврат,Почта России,Срочная доставка
ORD100B04,100,Федорова Дарья Рудольфовна,Война и мир,Лев Толстой,Классика,1,890,0,890,890,2025-07-13,Отменен,Boxberry,Срочная доставка
